Date,Sales,Quantity_Sold,Cost_of_Sales,Price_Per_Unit,Gross_Profit,Gross_Profit_Percent,GP_Per_Unit,Day_Of_Week,Month,Year,Promo_Flag,Seasonality_Group
2013-12-30,223938,6827,230080,32.80,-6141.65,-2.74,-0.90,2,12,2013,Normal,Peak Season
2013-12-31,300345,9268,306986,32.41,-6640.64,-2.21,-0.72,3,12,2013,Normal,Peak Season
2014-01-01,86782,2678,87986,32.41,-1203.85,-1.39,-0.45,4,1,2014,Normal,Peak Season
2014-01-02,200173,6175,202881,32.42,-2708.06,-1.35,-0.44,5,1,2014,Normal,Peak Season
2014-01-03,326906,10084,333806,32.42,-6900.22,-2.11,-0.68,6,1,2014,Normal,Peak Season
2014-01-04,307044,9470,313652,32.42,-6608.41,-2.15,-0.70,7,1,2014,Normal,Peak Season
2014-01-05,179189,5524,183083,32.44,-3894.40,-2.17,-0.70,1,1,2014,Normal,Peak Season
2014-01-06,306352,9448,313446,32.43,-7094.12,-2.32,-0.75,2,1,2014,Normal,Peak Season
2014-01-07,224020,6911,229534,32.42,-5513.56,-2.46,-0.80,3,1,2014,Normal,Peak Season
2014-01-08,101836,2990,99382,34.06,2454.43,2.41,0.82,4,1,2014,Normal,Peak Season
2014-01-09,107804,3159,104816,34.13,2987.85,2.77,0.95,5,1,2014,Normal,Peak Season
2014-01-10,144830,4246,141334,34.11,3495.96,2.41,0.82,6,1,2014,Normal,Peak Season
2014-01-11,146571,4297,143180,34.11,3391.81,2.31,0.79,7,1,2014,Normal,Peak Season
2014-01-12,95422,2796,93126,34.13,2296.23,2.41,0.82,1,1,2014,Normal,Peak Season
2014-01-13,114883,3369,112186,34.10,2696.87,2.35,0.80,2,1,2014,Normal,Peak Season
2014-01-14,80091,2348,78097,34.11,1994.04,2.49,0.85,3,1,2014,Normal,Peak Season
2014-01-15,98945,2903,97159,34.08,1786.37,1.81,0.62,4,1,2014,Normal,Peak Season
2014-01-16,84905,2491,83350,34.08,1554.47,1.83,0.62,5,1,2014,Normal,Peak Season
2014-01-17,135461,3968,132703,34.14,2757.28,2.04,0.69,6,1,2014,Normal,Peak Season
2014-01-18,149926,4393,146928,34.13,2997.34,2.00,0.68,7,1,2014,Normal,Peak Season
2014-01-19,74297,2176,72782,34.14,1515.02,2.04,0.70,1,1,2014,Normal,Peak Season
2014-01-20,83356,2443,81789,34.12,1567.29,1.88,0.64,2,1,2014,Normal,Peak Season
2014-01-21,89922,2638,88389,34.09,1533.10,1.70,0.58,3,1,2014,Normal,Peak Season
2014-01-22,57806,1704,57157,33.92,649.02,1.12,0.38,4,1,2014,Normal,Peak Season
2014-01-23,63978,1872,62864,34.18,1113.76,1.74,0.59,5,1,2014,Normal,Peak Season
2014-01-24,116959,3423,114824,34.17,2135.00,1.83,0.62,6,1,2014,Normal,Peak Season
2014-01-25,155273,4544,152636,34.17,2636.55,1.70,0.58,7,1,2014,Normal,Peak Season
2014-01-26,82885,2426,81583,34.17,1302.05,1.57,0.54,1,1,2014,Normal,Peak Season
2014-01-27,72353,2117,71377,34.18,976.27,1.35,0.46,2,1,2014,Normal,Peak Season
2014-01-28,50416,1476,49769,34.16,646.81,1.28,0.44,3,1,2014,Normal,Peak Season
2014-01-29,67458,1974,66529,34.17,928.86,1.38,0.47,4,1,2014,Normal,Peak Season
2014-01-30,64640,1892,63758,34.17,882.53,1.37,0.47,5,1,2014,Normal,Peak Season
2014-01-31,137694,4030,135610,34.17,2084.37,1.51,0.52,6,1,2014,Normal,Peak Season
2014-02-01,181209,5304,178436,34.16,2773.41,1.53,0.52,7,2,2014,Normal,Mid Season
2014-02-02,113434,3320,111467,34.17,1967.06,1.73,0.59,1,2,2014,Normal,Mid Season
2014-02-03,143193,4191,140506,34.17,2686.90,1.88,0.64,2,2,2014,Normal,Mid Season
2014-02-04,130127,3809,128496,34.16,1630.36,1.25,0.43,3,2,2014,Normal,Mid Season
2014-02-05,187156,5764,195079,32.47,-7922.73,-4.23,-1.37,4,2,2014,Normal,Mid Season
2014-02-06,102315,3028,101978,33.79,336.72,0.33,0.11,5,2,2014,Normal,Mid Season
2014-02-07,301554,9284,313529,32.48,-11975.35,-3.97,-1.29,6,2,2014,Normal,Mid Season
2014-02-08,316073,9737,329755,32.46,-13681.60,-4.33,-1.41,7,2,2014,Normal,Mid Season
2014-02-09,135178,4163,141531,32.47,-6352.67,-4.70,-1.53,1,2,2014,Normal,Mid Season
2014-02-10,147728,4552,154829,32.45,-7101.17,-4.81,-1.56,2,2,2014,Normal,Mid Season
2014-02-11,135499,4172,139824,32.48,-4325.42,-3.19,-1.04,3,2,2014,Normal,Mid Season
2014-02-12,163433,5037,166893,32.45,-3460.52,-2.12,-0.69,4,2,2014,Normal,Mid Season
2014-02-13,138292,4259,141027,32.47,-2735.80,-1.98,-0.64,5,2,2014,Normal,Mid Season
2014-02-14,336901,10381,343520,32.45,-6618.50,-1.96,-0.64,6,2,2014,Normal,Mid Season
2014-02-15,367729,11332,373974,32.45,-6244.33,-1.70,-0.55,7,2,2014,Normal,Mid Season
2014-02-16,133914,4127,136797,32.45,-2883.24,-2.15,-0.70,1,2,2014,Normal,Mid Season
2014-02-17,150800,4649,152887,32.44,-2086.76,-1.38,-0.45,2,2,2014,Normal,Mid Season
2014-02-18,55592,1627,53463,34.17,2128.69,3.83,1.31,3,2,2014,Normal,Mid Season
2014-02-19,106427,3281,107736,32.44,-1309.25,-1.23,-0.40,4,2,2014,Normal,Mid Season
2014-02-20,78941,2310,75934,34.17,3006.16,3.81,1.30,5,2,2014,Normal,Mid Season
2014-02-21,317916,9802,322090,32.43,-4173.47,-1.31,-0.43,6,2,2014,Normal,Mid Season
2014-02-22,309218,9772,320117,31.64,-10899.05,-3.52,-1.12,7,2,2014,Normal,Mid Season
2014-02-23,138492,4270,140753,32.43,-2261.05,-1.63,-0.53,1,2,2014,Normal,Mid Season
2014-02-24,133146,4106,134505,32.43,-1359.18,-1.02,-0.33,2,2,2014,Normal,Mid Season
2014-02-25,224995,6937,227546,32.43,-2551.79,-1.13,-0.37,3,2,2014,Normal,Mid Season
2014-02-26,225052,6934,228214,32.46,-3162.55,-1.41,-0.46,4,2,2014,Normal,Mid Season
2014-02-27,344300,11082,365936,31.07,-21635.97,-6.28,-1.95,5,2,2014,Promotion,Mid Season
2014-02-28,661876,20805,686657,31.81,-24780.29,-3.74,-1.19,6,2,2014,Normal,Mid Season
2014-03-01,846678,26410,872082,32.06,-25403.20,-3.00,-0.96,7,3,2014,Normal,Mid Season
2014-03-02,478902,15004,495554,31.92,-16652.15,-3.48,-1.11,1,3,2014,Normal,Mid Season
2014-03-03,538827,16884,557567,31.91,-18739.93,-3.48,-1.11,2,3,2014,Normal,Mid Season
2014-03-04,310346,9789,323325,31.70,-12978.91,-4.18,-1.33,3,3,2014,Normal,Mid Season
2014-03-05,256391,8079,267309,31.74,-10917.98,-4.26,-1.35,4,3,2014,Normal,Mid Season
2014-03-06,167804,5072,168136,33.08,-332.03,-0.20,-0.07,5,3,2014,Normal,Mid Season
2014-03-07,465318,14551,483775,31.98,-18456.58,-3.97,-1.27,6,3,2014,Normal,Mid Season
2014-03-08,520147,16262,541499,31.99,-21352.21,-4.11,-1.31,7,3,2014,Normal,Mid Season
2014-03-09,224699,7014,233590,32.04,-8890.73,-3.96,-1.27,1,3,2014,Normal,Mid Season
2014-03-10,286231,8932,297643,32.05,-11412.21,-3.99,-1.28,2,3,2014,Normal,Mid Season
2014-03-11,187143,5737,191499,32.62,-4356.02,-2.33,-0.76,3,3,2014,Normal,Mid Season
2014-03-12,191700,5903,197153,32.48,-5453.03,-2.84,-0.92,4,3,2014,Normal,Mid Season
2014-03-13,164664,5056,168975,32.57,-4311.21,-2.62,-0.85,5,3,2014,Normal,Mid Season
2014-03-14,395941,12167,406766,32.54,-10824.57,-2.73,-0.89,6,3,2014,Normal,Mid Season
2014-03-15,518183,15971,534383,32.45,-16199.93,-3.13,-1.01,7,3,2014,Normal,Mid Season
2014-03-16,226618,6968,233191,32.52,-6573.15,-2.90,-0.94,1,3,2014,Normal,Mid Season
2014-03-17,243708,7494,250794,32.52,-7086.35,-2.91,-0.95,2,3,2014,Normal,Mid Season
2014-03-18,94850,2707,90572,35.04,4278.15,4.51,1.58,3,3,2014,Normal,Mid Season
2014-03-19,92387,2637,88256,35.03,4130.94,4.47,1.57,4,3,2014,Normal,Mid Season
2014-03-20,180395,5149,172344,35.03,8050.52,4.46,1.56,5,3,2014,Normal,Mid Season
2014-03-21,200940,5735,192019,35.04,8920.55,4.44,1.56,6,3,2014,Normal,Mid Season
2014-03-22,172954,4936,165201,35.04,7752.62,4.48,1.57,7,3,2014,Normal,Mid Season
2014-03-23,70195,2003,67062,35.04,3133.18,4.46,1.56,1,3,2014,Normal,Mid Season
2014-03-24,81378,2323,77704,35.03,3674.57,4.52,1.58,2,3,2014,Normal,Mid Season
2014-03-25,130227,3822,127394,34.07,2832.73,2.18,0.74,3,3,2014,Normal,Mid Season
2014-03-26,125310,3666,122275,34.18,3034.93,2.42,0.83,4,3,2014,Normal,Mid Season
2014-03-27,119452,3543,118187,33.72,1265.76,1.06,0.36,5,3,2014,Normal,Mid Season
2014-03-28,276175,8130,271551,33.97,4623.87,1.67,0.57,6,3,2014,Normal,Mid Season
2014-03-29,357369,10518,352251,33.98,5118.44,1.43,0.49,7,3,2014,Normal,Mid Season
2014-03-30,163865,4791,160525,34.20,3340.06,2.04,0.70,1,3,2014,Normal,Mid Season
2014-03-31,190720,5583,187073,34.16,3647.02,1.91,0.65,2,3,2014,Normal,Mid Season
2014-04-01,244535,7155,239701,34.18,4834.52,1.98,0.68,3,4,2014,Normal,Mid Season
2014-04-02,155621,4575,153366,34.02,2254.48,1.45,0.49,4,4,2014,Normal,Mid Season
2014-04-03,136002,3997,134523,34.03,1478.91,1.09,0.37,5,4,2014,Normal,Mid Season
2014-04-04,190560,5558,187742,34.29,2817.59,1.48,0.51,6,4,2014,Normal,Mid Season
2014-04-05,217111,6320,213541,34.35,3569.77,1.64,0.56,7,4,2014,Normal,Mid Season
2014-04-06,119190,3447,116856,34.58,2333.79,1.96,0.68,1,4,2014,Normal,Mid Season
2014-04-07,131910,3854,130784,34.23,1125.75,0.85,0.29,2,4,2014,Normal,Mid Season
2014-04-08,118921,3394,115306,35.04,3615.50,3.04,1.07,3,4,2014,Normal,Mid Season
2014-04-09,124828,3563,121265,35.03,3563.58,2.85,1.00,4,4,2014,Normal,Mid Season
2014-04-10,179326,5380,183279,33.33,-3952.01,-2.20,-0.73,5,4,2014,Normal,Mid Season
2014-04-11,318950,9573,326323,33.32,-7372.71,-2.31,-0.77,6,4,2014,Normal,Mid Season
2014-04-12,375031,11250,383727,33.34,-8696.08,-2.32,-0.77,7,4,2014,Normal,Mid Season
2014-04-13,166394,4990,170062,33.35,-3668.32,-2.20,-0.74,1,4,2014,Normal,Mid Season
2014-04-14,193652,5810,198212,33.33,-4559.74,-2.35,-0.78,2,4,2014,Normal,Mid Season
2014-04-15,249806,7497,255957,33.32,-6151.14,-2.46,-0.82,3,4,2014,Normal,Mid Season
2014-04-16,294023,8821,301522,33.33,-7498.94,-2.55,-0.85,4,4,2014,Normal,Mid Season
2014-04-17,612236,18366,627928,33.34,-15691.75,-2.56,-0.85,5,4,2014,Normal,Mid Season
2014-04-18,464816,13940,476693,33.34,-11877.03,-2.56,-0.85,6,4,2014,Normal,Mid Season
2014-04-19,360481,10814,369766,33.33,-9284.67,-2.58,-0.86,7,4,2014,Normal,Mid Season
2014-04-20,114280,3429,117191,33.33,-2911.25,-2.55,-0.85,1,4,2014,Normal,Mid Season
2014-04-21,161171,4834,165415,33.34,-4244.26,-2.63,-0.88,2,4,2014,Normal,Mid Season
2014-04-22,182483,5475,187345,33.33,-4861.59,-2.66,-0.89,3,4,2014,Normal,Mid Season
2014-04-23,109358,3121,106850,35.04,2508.51,2.29,0.80,4,4,2014,Normal,Mid Season
2014-04-24,98430,2809,96197,35.04,2232.63,2.27,0.79,5,4,2014,Normal,Mid Season
2014-04-25,295741,8537,292327,34.64,3414.32,1.15,0.40,6,4,2014,Normal,Mid Season
2014-04-26,285054,8209,281160,34.72,3894.40,1.37,0.47,7,4,2014,Normal,Mid Season
2014-04-27,124965,3592,123042,34.79,1922.64,1.54,0.54,1,4,2014,Normal,Mid Season
2014-04-28,124176,3576,122516,34.72,1659.74,1.34,0.46,2,4,2014,Normal,Mid Season
2014-04-29,131843,3807,130405,34.63,1437.31,1.09,0.38,3,4,2014,Normal,Mid Season
2014-04-30,154850,4398,150644,35.21,4205.71,2.72,0.96,4,4,2014,Normal,Mid Season
2014-05-01,180294,5124,175657,35.19,4637.62,2.57,0.91,5,5,2014,Normal,Mid Season
2014-05-02,163849,4581,157301,35.77,6548.41,4.00,1.43,6,5,2014,Normal,Mid Season
2014-05-03,131437,3697,127602,35.55,3834.85,2.92,1.04,7,5,2014,Normal,Mid Season
2014-05-04,93082,2642,91602,35.23,1480.54,1.59,0.56,1,5,2014,Normal,Mid Season
2014-05-05,110887,3154,109460,35.16,1426.86,1.29,0.45,2,5,2014,Normal,Mid Season
2014-05-06,119386,3324,115693,35.92,3692.47,3.09,1.11,3,5,2014,Normal,Mid Season
2014-05-07,91720,2677,93157,34.26,-1437.58,-1.57,-0.54,4,5,2014,Normal,Mid Season
2014-05-08,96335,2683,93696,35.91,2639.23,2.74,0.98,5,5,2014,Normal,Mid Season
2014-05-09,303226,9328,325837,32.51,-22610.64,-7.46,-2.42,6,5,2014,Normal,Mid Season
2014-05-10,431696,13306,465254,32.44,-33558.11,-7.77,-2.52,7,5,2014,Normal,Mid Season
2014-05-11,200407,6173,215908,32.47,-15500.55,-7.73,-2.51,1,5,2014,Normal,Mid Season
2014-05-12,183414,5653,197835,32.45,-14421.79,-7.86,-2.55,2,5,2014,Normal,Mid Season
2014-05-13,146167,4503,157693,32.46,-11526.59,-7.89,-2.56,3,5,2014,Normal,Mid Season
2014-05-14,201121,6253,218099,32.16,-16978.03,-8.44,-2.72,4,5,2014,Normal,Mid Season
2014-05-15,270124,8408,289865,32.13,-19741.25,-7.31,-2.35,5,5,2014,Normal,Mid Season
2014-05-16,415315,12949,441791,32.07,-26475.38,-6.37,-2.04,6,5,2014,Normal,Mid Season
2014-05-17,498717,15508,526707,32.16,-27990.38,-5.61,-1.80,7,5,2014,Normal,Mid Season
2014-05-18,166433,5141,174377,32.37,-7943.46,-4.77,-1.55,1,5,2014,Normal,Mid Season
2014-05-19,168521,5194,175540,32.45,-7019.49,-4.17,-1.35,2,5,2014,Normal,Mid Season
2014-05-20,178124,5550,187748,32.09,-9624.64,-5.40,-1.73,3,5,2014,Normal,Mid Season
2014-05-21,194879,6070,204461,32.11,-9581.86,-4.92,-1.58,4,5,2014,Normal,Mid Season
2014-05-22,115475,3421,115011,33.75,463.77,0.40,0.14,5,5,2014,Normal,Mid Season
2014-05-23,430521,13384,449274,32.17,-18753.16,-4.36,-1.40,6,5,2014,Normal,Mid Season
2014-05-24,590643,18356,614246,32.18,-23602.97,-4.00,-1.29,7,5,2014,Normal,Mid Season
2014-05-25,210765,6500,217364,32.43,-6599.75,-3.13,-1.02,1,5,2014,Normal,Mid Season
2014-05-26,218189,6752,225608,32.31,-7418.25,-3.40,-1.10,2,5,2014,Normal,Mid Season
2014-05-27,226132,7023,234497,32.20,-8364.05,-3.70,-1.19,3,5,2014,Normal,Mid Season
2014-05-28,243721,7579,252929,32.16,-9208.43,-3.78,-1.21,4,5,2014,Normal,Mid Season
2014-05-29,207429,6448,215119,32.17,-7689.42,-3.71,-1.19,5,5,2014,Normal,Mid Season
2014-05-30,503149,15637,521651,32.18,-18501.65,-3.68,-1.18,6,5,2014,Normal,Mid Season
2014-05-31,603749,18775,626259,32.16,-22510.60,-3.73,-1.20,7,5,2014,Normal,Mid Season
2014-06-01,456017,14188,473224,32.14,-17206.52,-3.77,-1.21,1,6,2014,Normal,Low Season
2014-06-02,425845,13256,442156,32.12,-16310.80,-3.83,-1.23,2,6,2014,Normal,Low Season
2014-06-03,328218,10223,340914,32.11,-12695.82,-3.87,-1.24,3,6,2014,Normal,Low Season
2014-06-04,286406,8904,296903,32.17,-10496.67,-3.66,-1.18,4,6,2014,Normal,Low Season
2014-06-05,184990,5783,192825,31.99,-7835.00,-4.24,-1.35,5,6,2014,Normal,Low Season
2014-06-06,288118,9005,300214,32.00,-12095.25,-4.20,-1.34,6,6,2014,Normal,Low Season
2014-06-07,391931,12222,407439,32.07,-15508.04,-3.96,-1.27,7,6,2014,Normal,Low Season
2014-06-08,193773,6037,201255,32.10,-7482.13,-3.86,-1.24,1,6,2014,Normal,Low Season
2014-06-09,214178,6607,220255,32.42,-6077.24,-2.84,-0.92,2,6,2014,Normal,Low Season
2014-06-10,188335,5857,195255,32.16,-6920.26,-3.67,-1.18,3,6,2014,Normal,Low Season
2014-06-11,174325,5429,180979,32.11,-6653.61,-3.82,-1.23,4,6,2014,Normal,Low Season
2014-06-12,200272,6232,207758,32.14,-7486.14,-3.74,-1.20,5,6,2014,Normal,Low Season
2014-06-13,468702,14585,486181,32.14,-17478.91,-3.73,-1.20,6,6,2014,Normal,Low Season
2014-06-14,473426,14745,492135,32.11,-18709.54,-3.95,-1.27,7,6,2014,Normal,Low Season
2014-06-15,224232,6991,233554,32.07,-9321.91,-4.16,-1.33,1,6,2014,Normal,Low Season
2014-06-16,185606,5788,193340,32.07,-7734.04,-4.17,-1.34,2,6,2014,Normal,Low Season
2014-06-17,212688,6632,221404,32.07,-8716.14,-4.10,-1.31,3,6,2014,Normal,Low Season
2014-06-18,184260,5752,192058,32.03,-7797.82,-4.23,-1.36,4,6,2014,Normal,Low Season
2014-06-19,113736,3578,119544,31.79,-5808.20,-5.11,-1.62,5,6,2014,Normal,Low Season
2014-06-20,203165,6119,205351,33.20,-2185.56,-1.08,-0.36,6,6,2014,Normal,Low Season
2014-06-21,203345,6161,206919,33.01,-3573.67,-1.76,-0.58,7,6,2014,Normal,Low Season
2014-06-22,134944,4015,135373,33.61,-428.04,-0.32,-0.11,1,6,2014,Normal,Low Season
2014-06-23,138298,4133,139206,33.46,-907.82,-0.66,-0.22,2,6,2014,Normal,Low Season
2014-06-24,36693,1047,35299,35.05,1393.62,3.80,1.33,3,6,2014,Normal,Low Season
2014-06-25,56078,1601,53925,35.03,2152.29,3.84,1.34,4,6,2014,Normal,Low Season
2014-06-26,55781,1592,53688,35.04,2092.47,3.75,1.31,5,6,2014,Normal,Low Season
2014-06-27,131721,3759,127302,35.04,4418.81,3.35,1.18,6,6,2014,Normal,Low Season
2014-06-28,146169,4172,141012,35.04,5156.75,3.53,1.24,7,6,2014,Normal,Low Season
2014-06-29,62074,1772,60084,35.03,1989.72,3.21,1.12,1,6,2014,Normal,Low Season
2014-06-30,93620,2672,90294,35.04,3325.47,3.55,1.24,2,6,2014,Normal,Low Season
2014-07-01,180183,5143,173843,35.03,6340.11,3.52,1.23,3,7,2014,Normal,Low Season
2014-07-02,104761,2990,101616,35.04,3144.97,3.00,1.05,4,7,2014,Normal,Low Season
2014-07-03,93451,2667,90927,35.04,2523.44,2.70,0.95,5,7,2014,Normal,Low Season
2014-07-04,98088,2799,95423,35.04,2664.28,2.72,0.95,6,7,2014,Normal,Low Season
2014-07-05,117562,3355,114396,35.04,3166.64,2.69,0.94,7,7,2014,Normal,Low Season
2014-07-06,70153,2002,68252,35.04,1900.84,2.71,0.95,1,7,2014,Normal,Low Season
2014-07-07,68918,1967,66991,35.04,1927.53,2.80,0.98,2,7,2014,Normal,Low Season
2014-07-08,108417,3094,105373,35.04,3044.10,2.81,0.98,3,7,2014,Normal,Low Season
2014-07-09,81803,2335,79496,35.03,2306.11,2.82,0.99,4,7,2014,Normal,Low Season
2014-07-10,103999,2968,101271,35.04,2727.59,2.62,0.92,5,7,2014,Normal,Low Season
2014-07-11,134018,3825,130633,35.04,3384.83,2.53,0.88,6,7,2014,Normal,Low Season
2014-07-12,99277,2833,96688,35.04,2588.80,2.61,0.91,7,7,2014,Normal,Low Season
2014-07-13,49705,1419,48370,35.03,1334.92,2.69,0.94,1,7,2014,Normal,Low Season
2014-07-14,75385,2151,73393,35.05,1991.13,2.64,0.93,2,7,2014,Normal,Low Season
2014-07-15,110288,3148,107437,35.03,2850.85,2.58,0.91,3,7,2014,Normal,Low Season
2014-07-16,156537,4825,164641,32.44,-8104.67,-5.18,-1.68,4,7,2014,Normal,Low Season
2014-07-17,80823,2307,78845,35.03,1978.20,2.45,0.86,5,7,2014,Normal,Low Season
2014-07-18,124616,3557,121612,35.03,3003.51,2.41,0.84,6,7,2014,Normal,Low Season
2014-07-19,242759,7485,255780,32.43,-13020.90,-5.36,-1.74,7,7,2014,Normal,Low Season
2014-07-20,85078,2428,83021,35.04,2057.73,2.42,0.85,1,7,2014,Normal,Low Season
2014-07-21,86738,2475,84643,35.05,2094.80,2.42,0.85,2,7,2014,Normal,Low Season
2014-07-22,56674,1618,55279,35.03,1394.91,2.46,0.86,3,7,2014,Normal,Low Season
2014-07-23,165742,5106,173725,32.46,-7983.19,-4.82,-1.56,4,7,2014,Normal,Low Season
2014-07-24,95618,2729,92417,35.04,3201.34,3.35,1.17,5,7,2014,Normal,Low Season
2014-07-25,515699,15897,538260,32.44,-22561.48,-4.37,-1.42,6,7,2014,Normal,Low Season
2014-07-26,562590,17343,586671,32.44,-24080.15,-4.28,-1.39,7,7,2014,Normal,Low Season
2014-07-27,266306,8207,277238,32.45,-10932.08,-4.11,-1.33,1,7,2014,Normal,Low Season
2014-07-28,292635,9018,304508,32.45,-11873.63,-4.06,-1.32,2,7,2014,Normal,Low Season
2014-07-29,212361,6548,221017,32.43,-8656.08,-4.08,-1.32,3,7,2014,Normal,Low Season
2014-07-30,198019,6102,205904,32.45,-7884.49,-3.98,-1.29,4,7,2014,Normal,Low Season
2014-07-31,295508,9108,307222,32.44,-11714.07,-3.96,-1.29,5,7,2014,Normal,Low Season
2014-08-01,611895,18867,636341,32.43,-24446.64,-4.00,-1.30,6,8,2014,Normal,Low Season
2014-08-02,628685,19384,653780,32.43,-25094.74,-3.99,-1.29,7,8,2014,Normal,Low Season
2014-08-03,307273,9473,319500,32.44,-12227.33,-3.98,-1.29,1,8,2014,Normal,Low Season
2014-08-04,362107,11170,376646,32.42,-14539.22,-4.02,-1.30,2,8,2014,Normal,Low Season
2014-08-05,262350,8091,272809,32.42,-10459.70,-3.99,-1.29,3,8,2014,Normal,Low Season
2014-08-06,80698,2303,77650,35.04,3048.27,3.78,1.32,4,8,2014,Normal,Low Season
2014-08-07,103273,2947,99367,35.04,3905.39,3.78,1.33,5,8,2014,Normal,Low Season
2014-08-08,439421,13542,456510,32.45,-17088.20,-3.89,-1.26,6,8,2014,Normal,Low Season
2014-08-09,408616,12588,424341,32.46,-15724.60,-3.85,-1.25,7,8,2014,Normal,Low Season
2014-08-10,195867,6032,203331,32.47,-7464.66,-3.81,-1.24,1,8,2014,Normal,Low Season
2014-08-11,232347,7158,241135,32.46,-8787.17,-3.78,-1.23,2,8,2014,Normal,Low Season
2014-08-12,190325,5863,197438,32.46,-7112.93,-3.74,-1.21,3,8,2014,Normal,Low Season
2014-08-13,197698,6092,205114,32.45,-7416.01,-3.75,-1.22,4,8,2014,Normal,Low Season
2014-08-14,177909,5485,184688,32.44,-6778.69,-3.81,-1.24,5,8,2014,Normal,Low Season
2014-08-15,473322,14587,491559,32.45,-18237.54,-3.85,-1.25,6,8,2014,Normal,Low Season
2014-08-16,541601,16686,562953,32.46,-21352.48,-3.94,-1.28,7,8,2014,Normal,Low Season
2014-08-17,239514,7380,249203,32.45,-9689.14,-4.05,-1.31,1,8,2014,Normal,Low Season
2014-08-18,255224,7864,265533,32.45,-10308.32,-4.04,-1.31,2,8,2014,Normal,Low Season
2014-08-19,160372,4941,167021,32.46,-6649.12,-4.15,-1.35,3,8,2014,Normal,Low Season
2014-08-20,171587,5151,174723,33.31,-3135.84,-1.83,-0.61,4,8,2014,Normal,Low Season
2014-08-21,164208,4928,167240,33.32,-3031.59,-1.85,-0.62,5,8,2014,Normal,Low Season
2014-08-22,376779,11309,384006,33.32,-7227.21,-1.92,-0.64,6,8,2014,Normal,Low Season
2014-08-23,453633,13613,463250,33.32,-9616.60,-2.12,-0.71,7,8,2014,Normal,Low Season
2014-08-24,214392,6424,218348,33.37,-3955.40,-1.84,-0.62,1,8,2014,Normal,Low Season
2014-08-25,316404,9493,323293,33.33,-6889.33,-2.18,-0.73,2,8,2014,Normal,Low Season
2014-08-26,242825,7619,259861,31.87,-17036.01,-7.02,-2.24,3,8,2014,Normal,Low Season
2014-08-27,274712,8909,304335,30.84,-29622.53,-10.78,-3.33,4,8,2014,Promotion,Low Season
2014-08-28,258066,8400,287169,30.72,-29102.40,-11.28,-3.46,5,8,2014,Promotion,Low Season
2014-08-29,594007,19317,660938,30.75,-66930.59,-11.27,-3.46,6,8,2014,Promotion,Low Season
2014-08-30,717097,23310,797789,30.76,-80692.18,-11.25,-3.46,7,8,2014,Promotion,Low Season
2014-08-31,358171,11646,398563,30.75,-40391.61,-11.28,-3.47,1,8,2014,Promotion,Low Season
2014-09-01,594954,19366,662851,30.72,-67897.36,-11.41,-3.51,2,9,2014,Promotion,Mid Season
2014-09-02,469470,15291,523480,30.70,-54010.36,-11.50,-3.53,3,9,2014,Promotion,Mid Season
2014-09-03,464068,15100,517181,30.73,-53112.74,-11.45,-3.52,4,9,2014,Promotion,Mid Season
2014-09-04,312312,10164,348177,30.73,-35865.17,-11.48,-3.53,5,9,2014,Promotion,Mid Season
2014-09-05,501279,16310,558767,30.73,-57487.69,-11.47,-3.52,6,9,2014,Promotion,Mid Season
2014-09-06,552704,17985,616170,30.73,-63465.95,-11.48,-3.53,7,9,2014,Promotion,Mid Season
2014-09-07,234154,7620,261088,30.73,-26934.62,-11.50,-3.53,1,9,2014,Promotion,Mid Season
2014-09-08,244481,7958,272633,30.72,-28151.90,-11.51,-3.54,2,9,2014,Promotion,Mid Season
2014-09-09,122750,3503,120071,35.04,2678.69,2.18,0.76,3,9,2014,Normal,Mid Season
2014-09-10,78736,2247,77072,35.04,1664.86,2.11,0.74,4,9,2014,Normal,Mid Season
2014-09-11,70875,2023,69489,35.03,1385.75,1.96,0.68,5,9,2014,Normal,Mid Season
2014-09-12,148634,4242,145956,35.04,2678.25,1.80,0.63,6,9,2014,Normal,Mid Season
2014-09-13,171725,4901,168652,35.04,3072.63,1.79,0.63,7,9,2014,Normal,Mid Season
2014-09-14,86436,2467,84948,35.04,1487.32,1.72,0.60,1,9,2014,Normal,Mid Season
2014-09-15,120236,3432,118094,35.03,2142.14,1.78,0.62,2,9,2014,Normal,Mid Season
2014-09-16,83204,2375,81753,35.03,1450.77,1.74,0.61,3,9,2014,Normal,Mid Season
2014-09-17,73768,2105,72472,35.04,1296.12,1.76,0.62,4,9,2014,Normal,Mid Season
2014-09-18,69425,1982,68280,35.03,1145.06,1.65,0.58,5,9,2014,Normal,Mid Season
2014-09-19,137155,3915,135277,35.03,1878.04,1.37,0.48,6,9,2014,Normal,Mid Season
2014-09-20,153569,4383,151376,35.04,2192.93,1.43,0.50,7,9,2014,Normal,Mid Season
2014-09-21,75633,2159,74547,35.03,1086.65,1.44,0.50,1,9,2014,Normal,Mid Season
2014-09-22,90816,2592,89654,35.04,1162.29,1.28,0.45,2,9,2014,Normal,Mid Season
2014-09-23,110118,3143,108880,35.04,1237.75,1.12,0.39,3,9,2014,Normal,Mid Season
2014-09-24,209908,6457,223554,32.51,-13645.70,-6.50,-2.11,4,9,2014,Normal,Mid Season
2014-09-25,358366,11039,382968,32.46,-24602.30,-6.87,-2.23,5,9,2014,Normal,Mid Season
2014-09-26,585464,18036,625981,32.46,-40516.93,-6.92,-2.25,6,9,2014,Normal,Mid Season
2014-09-27,617019,19017,661011,32.45,-43991.50,-7.13,-2.31,7,9,2014,Normal,Mid Season
2014-09-28,283851,8747,304441,32.45,-20590.05,-7.25,-2.35,1,9,2014,Normal,Mid Season
2014-09-29,264317,8147,283913,32.44,-19595.86,-7.41,-2.41,2,9,2014,Normal,Mid Season
2014-09-30,358025,11036,384823,32.44,-26798.46,-7.49,-2.43,3,9,2014,Normal,Mid Season
2014-10-01,594438,18330,639307,32.43,-44868.29,-7.55,-2.45,4,10,2014,Normal,Mid Season
2014-10-02,470508,14503,506072,32.44,-35564.37,-7.56,-2.45,5,10,2014,Normal,Mid Season
2014-10-03,518694,15986,557939,32.45,-39245.84,-7.57,-2.46,6,10,2014,Normal,Mid Season
2014-10-04,656246,20223,705891,32.45,-49645.47,-7.57,-2.45,7,10,2014,Normal,Mid Season
2014-10-05,280055,8631,301280,32.45,-21224.54,-7.58,-2.46,1,10,2014,Normal,Mid Season
2014-10-06,375648,11579,404179,32.44,-28530.90,-7.60,-2.46,2,10,2014,Normal,Mid Season
2014-10-07,78112,2127,74252,36.72,3859.84,4.94,1.81,3,10,2014,Normal,Mid Season
2014-10-08,70509,1923,67142,36.67,3367.15,4.78,1.75,4,10,2014,Normal,Mid Season
2014-10-09,103281,2809,98066,36.77,5215.37,5.05,1.86,5,10,2014,Normal,Mid Season
2014-10-10,179841,4891,170758,36.77,9083.85,5.05,1.86,6,10,2014,Normal,Mid Season
2014-10-11,138038,3758,131192,36.73,6845.92,4.96,1.82,7,10,2014,Normal,Mid Season
2014-10-12,61038,1661,57992,36.75,3045.22,4.99,1.83,1,10,2014,Normal,Mid Season
2014-10-13,86800,2360,82392,36.78,4407.43,5.08,1.87,2,10,2014,Normal,Mid Season
2014-10-14,69571,1894,66314,36.73,3256.56,4.68,1.72,3,10,2014,Normal,Mid Season
2014-10-15,130476,3548,124398,36.77,6077.92,4.66,1.71,4,10,2014,Normal,Mid Season
2014-10-16,95230,2591,91088,36.75,4141.92,4.35,1.60,5,10,2014,Normal,Mid Season
2014-10-17,121058,3293,116950,36.76,4108.07,3.39,1.25,6,10,2014,Normal,Mid Season
2014-10-18,169499,4611,164493,36.76,5005.97,2.95,1.09,7,10,2014,Normal,Mid Season
2014-10-19,90692,2468,87911,36.75,2781.16,3.07,1.13,1,10,2014,Normal,Mid Season
2014-10-20,101724,2773,98871,36.68,2853.10,2.80,1.03,2,10,2014,Normal,Mid Season
2014-10-21,103396,2815,100424,36.73,2971.54,2.87,1.06,3,10,2014,Normal,Mid Season
2014-10-22,99076,2701,96512,36.68,2563.88,2.59,0.95,4,10,2014,Normal,Mid Season
2014-10-23,97476,2651,94764,36.77,2712.30,2.78,1.02,5,10,2014,Normal,Mid Season
2014-10-24,248975,6781,241961,36.72,7013.51,2.82,1.03,6,10,2014,Normal,Mid Season
2014-10-25,302722,8249,294130,36.70,8592.01,2.84,1.04,7,10,2014,Normal,Mid Season
2014-10-26,128521,3502,124739,36.70,3781.49,2.94,1.08,1,10,2014,Normal,Mid Season
2014-10-27,145185,3949,140652,36.77,4533.33,3.12,1.15,2,10,2014,Normal,Mid Season
2014-10-28,89528,2435,87067,36.77,2460.51,2.75,1.01,3,10,2014,Normal,Mid Season
2014-10-29,81992,2232,80113,36.73,1879.33,2.29,0.84,4,10,2014,Normal,Mid Season
2014-10-30,69704,1898,68293,36.73,1411.39,2.02,0.74,5,10,2014,Normal,Mid Season
2014-10-31,166652,4537,163320,36.73,3332.68,2.00,0.73,6,10,2014,Normal,Mid Season
2014-11-01,247453,6730,242639,36.77,4814.30,1.95,0.72,7,11,2014,Normal,Peak Season
2014-11-02,148476,4038,145646,36.77,2829.84,1.91,0.70,1,11,2014,Normal,Peak Season
2014-11-03,205369,5581,201281,36.80,4087.68,1.99,0.73,2,11,2014,Normal,Peak Season
2014-11-04,99245,2519,90949,39.40,8295.24,8.36,3.29,3,11,2014,Normal,Peak Season
2014-11-05,72757,1847,67873,39.39,4884.09,6.71,2.64,4,11,2014,Normal,Peak Season
2014-11-06,86867,2309,84486,37.62,2381.37,2.74,1.03,5,11,2014,Normal,Peak Season
2014-11-07,140168,3722,136539,37.66,3628.60,2.59,0.97,6,11,2014,Normal,Peak Season
2014-11-08,160727,4268,156701,37.66,4026.48,2.51,0.94,7,11,2014,Normal,Peak Season
2014-11-09,74116,1968,71994,37.66,2121.28,2.86,1.08,1,11,2014,Normal,Peak Season
2014-11-10,76103,2016,73968,37.75,2135.69,2.81,1.06,2,11,2014,Normal,Peak Season
2014-11-11,56303,1497,54997,37.61,1306.50,2.32,0.87,3,11,2014,Normal,Peak Season
2014-11-12,49437,1314,48290,37.62,1146.92,2.32,0.87,4,11,2014,Normal,Peak Season
2014-11-13,55033,1466,53997,37.54,1035.90,1.88,0.71,5,11,2014,Normal,Peak Season
2014-11-14,149808,3984,146995,37.60,2813.27,1.88,0.71,6,11,2014,Normal,Peak Season
2014-11-15,180686,4802,176898,37.63,3787.23,2.10,0.79,7,11,2014,Normal,Peak Season
2014-11-16,75871,2017,73906,37.62,1965.63,2.59,0.97,1,11,2014,Normal,Peak Season
2014-11-17,86313,2297,84419,37.58,1894.54,2.19,0.82,2,11,2014,Normal,Peak Season
2014-11-18,62632,1665,61158,37.62,1473.44,2.35,0.88,3,11,2014,Normal,Peak Season
2014-11-19,48529,1291,47410,37.59,1119.55,2.31,0.87,4,11,2014,Normal,Peak Season
2014-11-20,51041,1361,50038,37.50,1002.74,1.96,0.74,5,11,2014,Normal,Peak Season
2014-11-21,53974,1281,47192,42.13,6781.42,12.56,5.29,6,11,2014,Normal,Peak Season
2014-11-22,47498,1122,41179,42.33,6318.89,13.30,5.63,7,11,2014,Normal,Peak Season
2014-11-23,31220,737,26893,42.36,4326.65,13.86,5.87,1,11,2014,Normal,Peak Season
2014-11-24,26870,641,23516,41.92,3354.28,12.48,5.23,2,11,2014,Normal,Peak Season
2014-11-25,40531,968,35674,41.87,4856.45,11.98,5.02,3,11,2014,Normal,Peak Season
2014-11-26,30371,709,26055,42.84,4316.58,14.21,6.09,4,11,2014,Normal,Peak Season
2014-11-27,37777,880,32720,42.93,5056.97,13.39,5.75,5,11,2014,Normal,Peak Season
2014-11-28,46818,1096,40653,42.72,6165.63,13.17,5.63,6,11,2014,Normal,Peak Season
2014-11-29,88322,2068,79880,42.71,8441.38,9.56,4.08,7,11,2014,Normal,Peak Season
2014-11-30,101038,2375,93178,42.54,7859.94,7.78,3.31,1,11,2014,Normal,Peak Season
2014-12-01,105101,2492,97257,42.18,7843.27,7.46,3.15,2,12,2014,Normal,Peak Season
2014-12-02,88220,2170,85533,40.65,2686.10,3.04,1.24,3,12,2014,Normal,Peak Season
2014-12-03,71590,1784,69655,40.13,1935.44,2.70,1.08,4,12,2014,Normal,Peak Season
2014-12-04,54997,1368,54503,40.20,493.59,0.90,0.36,5,12,2014,Normal,Peak Season
2014-12-05,77884,1914,77619,40.69,264.89,0.34,0.14,6,12,2014,Normal,Peak Season
2014-12-06,150370,3765,154999,39.94,-4628.72,-3.08,-1.23,7,12,2014,Normal,Peak Season
2014-12-07,104675,2712,111904,38.60,-7228.36,-6.91,-2.67,1,12,2014,Normal,Peak Season
2014-12-08,90122,2222,91082,40.56,-960.14,-1.07,-0.43,2,12,2014,Normal,Peak Season
2014-12-09,75425,1861,77014,40.53,-1588.81,-2.11,-0.85,3,12,2014,Normal,Peak Season
2014-12-10,161845,4095,169349,39.52,-7503.71,-4.64,-1.83,4,12,2014,Normal,Peak Season
2014-12-11,158603,4157,171693,38.15,-13089.64,-8.25,-3.15,5,12,2014,Normal,Peak Season
2014-12-12,279092,7259,301236,38.45,-22144.01,-7.93,-3.05,6,12,2014,Normal,Peak Season
2014-12-13,369351,9654,402565,38.26,-33213.69,-8.99,-3.44,7,12,2014,Normal,Peak Season
2014-12-14,177500,4632,192327,38.32,-14827.21,-8.35,-3.20,1,12,2014,Normal,Peak Season
2014-12-15,282247,7341,304490,38.45,-22243.01,-7.88,-3.03,2,12,2014,Normal,Peak Season
2014-12-16,166038,4308,179571,38.54,-13533.20,-8.15,-3.14,3,12,2014,Normal,Peak Season
2014-12-17,148911,3865,161138,38.53,-12226.52,-8.21,-3.16,4,12,2014,Normal,Peak Season
2014-12-18,202359,5288,221436,38.27,-19076.63,-9.43,-3.61,5,12,2014,Normal,Peak Season
2014-12-19,274344,7141,299517,38.42,-25173.18,-9.18,-3.53,6,12,2014,Normal,Peak Season
2014-12-20,316167,8268,346378,38.24,-30211.23,-9.56,-3.65,7,12,2014,Normal,Peak Season
2014-12-21,173833,4541,190645,38.28,-16811.10,-9.67,-3.70,1,12,2014,Normal,Peak Season
2014-12-22,204565,5014,210189,40.80,-5623.83,-2.75,-1.12,2,12,2014,Normal,Peak Season
2014-12-23,316395,7778,326627,40.68,-10232.41,-3.23,-1.32,3,12,2014,Normal,Peak Season
2014-12-24,486230,11809,495909,41.17,-9678.77,-1.99,-0.82,4,12,2014,Normal,Peak Season
2014-12-25,137687,3344,140526,41.17,-2839.25,-2.06,-0.85,5,12,2014,Normal,Peak Season
2014-12-26,48103,1169,49028,41.15,-925.40,-1.92,-0.79,6,12,2014,Normal,Peak Season
2014-12-27,110162,2676,112384,41.17,-2221.43,-2.02,-0.83,7,12,2014,Normal,Peak Season
2014-12-28,69051,1677,70483,41.18,-1431.38,-2.07,-0.85,1,12,2014,Normal,Peak Season
2014-12-29,133307,3237,136003,41.18,-2696.11,-2.02,-0.83,2,12,2014,Normal,Peak Season
2014-12-30,216390,5607,235724,38.59,-19334.26,-8.93,-3.45,3,12,2014,Normal,Peak Season
2014-12-31,365055,9464,398013,38.57,-32958.04,-9.03,-3.48,4,12,2014,Normal,Peak Season
2015-01-01,112161,2905,122170,38.61,-10009.01,-8.92,-3.45,5,1,2015,Normal,Peak Season
2015-01-02,271101,7023,295019,38.60,-23918.01,-8.82,-3.41,6,1,2015,Normal,Peak Season
2015-01-03,245813,6371,267735,38.58,-21921.44,-8.92,-3.44,7,1,2015,Normal,Peak Season
2015-01-04,178395,4624,194427,38.58,-16032.64,-8.99,-3.47,1,1,2015,Normal,Peak Season
2015-01-05,220444,5717,239988,38.56,-19544.40,-8.87,-3.42,2,1,2015,Normal,Peak Season
2015-01-06,181534,4705,197329,38.58,-15794.76,-8.70,-3.36,3,1,2015,Normal,Peak Season
2015-01-07,83176,2020,84729,41.18,-1552.35,-1.87,-0.77,4,1,2015,Normal,Peak Season
2015-01-08,76895,1868,78468,41.16,-1573.32,-2.05,-0.84,5,1,2015,Normal,Peak Season
2015-01-09,123859,3008,126444,41.18,-2584.75,-2.09,-0.86,6,1,2015,Normal,Peak Season
2015-01-10,120808,2934,123393,41.18,-2585.23,-2.14,-0.88,7,1,2015,Normal,Peak Season
2015-01-11,69597,1690,71051,41.18,-1454.00,-2.09,-0.86,1,1,2015,Normal,Peak Season
2015-01-12,84738,2058,86468,41.18,-1729.24,-2.04,-0.84,2,1,2015,Normal,Peak Season
2015-01-13,64654,1570,65980,41.18,-1326.45,-2.05,-0.84,3,1,2015,Normal,Peak Season
2015-01-14,59553,1446,60703,41.18,-1149.97,-1.93,-0.80,4,1,2015,Normal,Peak Season
2015-01-15,79081,1921,80338,41.17,-1256.99,-1.59,-0.65,5,1,2015,Normal,Peak Season
2015-01-16,149444,3629,152031,41.18,-2586.93,-1.73,-0.71,6,1,2015,Normal,Peak Season
2015-01-17,170624,4144,173547,41.17,-2922.95,-1.71,-0.71,7,1,2015,Normal,Peak Season
2015-01-18,74744,1815,76004,41.18,-1259.65,-1.69,-0.69,1,1,2015,Normal,Peak Season
2015-01-19,90144,2189,91111,41.18,-966.81,-1.07,-0.44,2,1,2015,Normal,Peak Season
2015-01-20,97827,2376,99134,41.17,-1307.50,-1.34,-0.55,3,1,2015,Normal,Peak Season
2015-01-21,62796,1525,64144,41.18,-1348.11,-2.15,-0.88,4,1,2015,Normal,Peak Season
2015-01-22,66551,1616,67952,41.18,-1401.16,-2.11,-0.87,5,1,2015,Normal,Peak Season
2015-01-23,154671,3757,158032,41.17,-3360.90,-2.17,-0.89,6,1,2015,Normal,Peak Season
2015-01-24,158722,3855,162082,41.17,-3360.31,-2.12,-0.87,7,1,2015,Normal,Peak Season
2015-01-25,78092,1897,79795,41.17,-1702.77,-2.18,-0.90,1,1,2015,Normal,Peak Season
2015-01-26,91830,2230,93808,41.18,-1977.68,-2.15,-0.89,2,1,2015,Normal,Peak Season
2015-01-27,76993,1870,78614,41.17,-1621.52,-2.11,-0.87,3,1,2015,Normal,Peak Season
2015-01-28,59898,1455,61194,41.17,-1296.46,-2.16,-0.89,4,1,2015,Normal,Peak Season
2015-01-29,57310,1392,58531,41.17,-1221.22,-2.13,-0.88,5,1,2015,Normal,Peak Season
2015-01-30,134540,3268,137222,41.17,-2681.32,-1.99,-0.82,6,1,2015,Normal,Peak Season
2015-01-31,200194,4862,203815,41.18,-3621.12,-1.81,-0.74,7,1,2015,Normal,Peak Season
2015-02-01,171470,4165,174652,41.17,-3182.53,-1.86,-0.76,1,2,2015,Normal,Mid Season
2015-02-02,151737,3685,154149,41.18,-2411.38,-1.59,-0.65,2,2,2015,Normal,Mid Season
2015-02-03,102072,2479,103635,41.17,-1562.52,-1.53,-0.63,3,2,2015,Normal,Mid Season
2015-02-04,82514,2005,83232,41.15,-718.29,-0.87,-0.36,4,2,2015,Normal,Mid Season
2015-02-05,46211,1122,46407,41.19,-195.97,-0.42,-0.17,5,2,2015,Normal,Mid Season
2015-02-06,85730,2082,85766,41.18,-35.29,-0.04,-0.02,6,2,2015,Normal,Mid Season
2015-02-07,105918,2573,105663,41.17,255.74,0.24,0.10,7,2,2015,Normal,Mid Season
2015-02-08,73042,1774,73046,41.17,-4.57,-0.01,0.00,1,2,2015,Normal,Mid Season
2015-02-09,97909,2378,97098,41.17,810.61,0.83,0.34,2,2,2015,Normal,Mid Season
2015-02-10,138667,3677,148523,37.71,-9855.43,-7.11,-2.68,3,2,2015,Normal,Mid Season
2015-02-11,162162,4299,173662,37.72,-11499.72,-7.09,-2.67,4,2,2015,Normal,Mid Season
2015-02-12,138520,3674,147756,37.70,-9236.22,-6.67,-2.51,5,2,2015,Normal,Mid Season
2015-02-13,358597,9505,382447,37.73,-23849.65,-6.65,-2.51,6,2,2015,Normal,Mid Season
2015-02-14,424010,11237,451548,37.73,-27538.15,-6.49,-2.45,7,2,2015,Normal,Mid Season
2015-02-15,203861,5406,217066,37.71,-13204.14,-6.48,-2.44,1,2,2015,Normal,Mid Season
2015-02-16,220506,5846,234723,37.72,-14217.01,-6.45,-2.43,2,2,2015,Normal,Mid Season
2015-02-17,139936,3713,148698,37.69,-8761.61,-6.26,-2.36,3,2,2015,Normal,Mid Season
2015-02-18,161065,4270,170739,37.72,-9674.61,-6.01,-2.27,4,2,2015,Normal,Mid Season
2015-02-19,144329,3827,152824,37.71,-8495.57,-5.89,-2.22,5,2,2015,Normal,Mid Season
2015-02-20,293072,7770,310240,37.72,-17168.62,-5.86,-2.21,6,2,2015,Normal,Mid Season
2015-02-21,267782,7102,283430,37.71,-15648.18,-5.84,-2.20,7,2,2015,Normal,Mid Season
2015-02-22,136053,3608,144020,37.71,-7967.43,-5.86,-2.21,1,2,2015,Normal,Mid Season
2015-02-23,86703,2150,85731,40.33,972.35,1.12,0.45,2,2,2015,Normal,Mid Season
2015-02-24,95474,2530,100868,37.74,-5393.17,-5.65,-2.13,3,2,2015,Normal,Mid Season
2015-02-25,198432,5253,209500,37.77,-11068.17,-5.58,-2.11,4,2,2015,Normal,Mid Season
2015-02-26,157292,4171,166305,37.71,-9013.30,-5.73,-2.16,5,2,2015,Normal,Mid Season
2015-02-27,307541,8156,324997,37.71,-17456.66,-5.68,-2.14,6,2,2015,Normal,Mid Season
2015-02-28,350899,9296,375031,37.75,-24131.87,-6.88,-2.60,7,2,2015,Normal,Mid Season
2015-03-01,256702,6803,276569,37.73,-19867.71,-7.74,-2.92,1,3,2015,Normal,Mid Season
2015-03-02,234706,6221,252710,37.73,-18004.23,-7.67,-2.89,2,3,2015,Normal,Mid Season
2015-03-03,249381,6611,268762,37.72,-19381.27,-7.77,-2.93,3,3,2015,Normal,Mid Season
2015-03-04,258211,6843,278826,37.73,-20614.16,-7.98,-3.01,4,3,2015,Normal,Mid Season
2015-03-05,145976,3858,157578,37.84,-11602.17,-7.95,-3.01,5,3,2015,Normal,Mid Season
2015-03-06,269240,7128,291365,37.77,-22125.16,-8.22,-3.10,6,3,2015,Normal,Mid Season
2015-03-07,306920,8127,332242,37.77,-25322.20,-8.25,-3.12,7,3,2015,Normal,Mid Season
2015-03-08,122107,2966,121395,41.17,711.98,0.58,0.24,1,3,2015,Normal,Mid Season
2015-03-09,117661,2858,116861,41.17,800.12,0.68,0.28,2,3,2015,Normal,Mid Season
2015-03-10,62500,1518,62074,41.17,425.93,0.68,0.28,3,3,2015,Normal,Mid Season
2015-03-11,57064,1386,56638,41.17,425.70,0.75,0.31,4,3,2015,Normal,Mid Season
2015-03-12,48008,1166,47682,41.17,326.81,0.68,0.28,5,3,2015,Normal,Mid Season
2015-03-13,117447,2853,116681,41.17,765.70,0.65,0.27,6,3,2015,Normal,Mid Season
2015-03-14,150592,3657,149574,41.18,1017.72,0.68,0.28,7,3,2015,Normal,Mid Season
2015-03-15,67152,1631,66803,41.17,349.49,0.52,0.21,1,3,2015,Normal,Mid Season
2015-03-16,80635,1959,80121,41.16,514.00,0.64,0.26,2,3,2015,Normal,Mid Season
2015-03-17,50670,1230,50309,41.19,360.68,0.71,0.29,3,3,2015,Normal,Mid Season
2015-03-18,48649,1182,48362,41.16,286.92,0.59,0.24,4,3,2015,Normal,Mid Season
2015-03-19,43213,1050,42981,41.16,231.96,0.54,0.22,5,3,2015,Normal,Mid Season
2015-03-20,96881,2353,96453,41.17,427.73,0.44,0.18,6,3,2015,Normal,Mid Season
2015-03-21,121361,2947,120829,41.18,531.60,0.44,0.18,7,3,2015,Normal,Mid Season
2015-03-22,66954,1626,66756,41.18,197.99,0.30,0.12,1,3,2015,Normal,Mid Season
2015-03-23,81342,1976,81132,41.17,210.14,0.26,0.11,2,3,2015,Normal,Mid Season
2015-03-24,125061,3312,136375,37.76,-11314.44,-9.05,-3.42,3,3,2015,Normal,Mid Season
2015-03-25,253219,6704,276195,37.77,-22976.00,-9.07,-3.43,4,3,2015,Normal,Mid Season
2015-03-26,229184,6077,250361,37.71,-21176.68,-9.24,-3.48,5,3,2015,Normal,Mid Season
2015-03-27,354191,9386,386465,37.74,-32273.30,-9.11,-3.44,6,3,2015,Normal,Mid Season
2015-03-28,459485,12181,501363,37.72,-41877.91,-9.11,-3.44,7,3,2015,Normal,Mid Season
2015-03-29,224103,5937,244360,37.75,-20256.92,-9.04,-3.41,1,3,2015,Normal,Mid Season
2015-03-30,215204,5706,234819,37.72,-19615.89,-9.12,-3.44,2,3,2015,Normal,Mid Season
2015-03-31,355535,9421,386989,37.74,-31454.00,-8.85,-3.34,3,3,2015,Normal,Mid Season
2015-04-01,498894,13207,542484,37.77,-43589.49,-8.74,-3.30,4,4,2015,Normal,Mid Season
2015-04-02,715032,18936,777522,37.76,-62490.00,-8.74,-3.30,5,4,2015,Normal,Mid Season
2015-04-03,510289,13503,554160,37.79,-43870.60,-8.60,-3.25,6,4,2015,Normal,Mid Season
2015-04-04,400302,10600,434873,37.76,-34570.69,-8.64,-3.26,7,4,2015,Normal,Mid Season
2015-04-05,135578,3591,147336,37.75,-11757.72,-8.67,-3.27,1,4,2015,Normal,Mid Season
2015-04-06,182466,4836,198405,37.73,-15938.97,-8.74,-3.30,2,4,2015,Normal,Mid Season
2015-04-07,176814,4348,178390,40.67,-1575.95,-0.89,-0.36,3,4,2015,Normal,Mid Season
2015-04-08,100918,2451,100579,41.17,338.54,0.34,0.14,4,4,2015,Normal,Mid Season
2015-04-09,74691,1814,74428,41.17,263.09,0.35,0.15,5,4,2015,Normal,Mid Season
2015-04-10,114067,2770,113654,41.18,413.10,0.36,0.15,6,4,2015,Normal,Mid Season
2015-04-11,126508,3072,126044,41.18,464.03,0.37,0.15,7,4,2015,Normal,Mid Season
2015-04-12,79649,1934,79349,41.18,299.23,0.38,0.15,1,4,2015,Normal,Mid Season
2015-04-13,83137,2019,82700,41.18,437.08,0.53,0.22,2,4,2015,Normal,Mid Season
2015-04-14,40776,979,39940,41.65,835.83,2.05,0.85,3,4,2015,Normal,Mid Season
2015-04-15,58278,1398,56970,41.69,1308.54,2.25,0.94,4,4,2015,Normal,Mid Season
2015-04-16,50000,1198,48828,41.74,1172.22,2.34,0.98,5,4,2015,Normal,Mid Season
2015-04-17,103912,2485,101409,41.82,2502.97,2.41,1.01,6,4,2015,Normal,Mid Season
2015-04-18,132843,3172,129546,41.88,3297.69,2.48,1.04,7,4,2015,Normal,Mid Season
2015-04-19,62787,1497,61213,41.94,1573.36,2.51,1.05,1,4,2015,Normal,Mid Season
2015-04-20,57233,1365,55707,41.93,1526.53,2.67,1.12,2,4,2015,Normal,Mid Season
2015-04-21,56874,1353,55172,42.04,1702.17,2.99,1.26,3,4,2015,Normal,Mid Season
2015-04-22,132738,3439,140264,38.60,-7526.19,-5.67,-2.19,4,4,2015,Normal,Mid Season
2015-04-23,60310,1434,58446,42.06,1864.28,3.09,1.30,5,4,2015,Normal,Mid Season
2015-04-24,343587,8892,362391,38.64,-18803.59,-5.47,-2.11,6,4,2015,Normal,Mid Season
2015-04-25,496882,13144,535306,37.80,-38423.69,-7.73,-2.92,7,4,2015,Normal,Mid Season
2015-04-26,200370,5179,210965,38.69,-10594.94,-5.29,-2.05,1,4,2015,Normal,Mid Season
2015-04-27,194028,5014,204053,38.70,-10025.44,-5.17,-2.00,2,4,2015,Normal,Mid Season
2015-04-28,190561,4936,200804,38.61,-10243.46,-5.38,-2.08,3,4,2015,Normal,Mid Season
2015-04-29,198985,5150,209484,38.64,-10498.48,-5.28,-2.04,4,4,2015,Normal,Mid Season
2015-04-30,385483,9986,406252,38.60,-20769.14,-5.39,-2.08,5,4,2015,Normal,Mid Season
2015-05-01,499703,12937,526207,38.63,-26503.52,-5.30,-2.05,6,5,2015,Normal,Mid Season
2015-05-02,461667,12217,496853,37.79,-35185.80,-7.62,-2.88,7,5,2015,Normal,Mid Season
2015-05-03,259542,6721,273280,38.62,-13738.44,-5.29,-2.04,1,5,2015,Normal,Mid Season
2015-05-04,320309,8283,336743,38.67,-16433.33,-5.13,-1.98,2,5,2015,Normal,Mid Season
2015-05-05,239923,6191,251701,38.75,-11777.97,-4.91,-1.90,3,5,2015,Normal,Mid Season
2015-05-06,224994,5959,242260,37.76,-17265.66,-7.67,-2.90,4,5,2015,Normal,Mid Season
2015-05-07,117198,2848,115769,41.15,1428.89,1.22,0.50,5,5,2015,Normal,Mid Season
2015-05-08,330589,8748,355565,37.79,-24975.84,-7.55,-2.86,6,5,2015,Normal,Mid Season
2015-05-09,389972,10329,419827,37.76,-29855.02,-7.66,-2.89,7,5,2015,Normal,Mid Season
2015-05-10,166536,4410,179243,37.76,-12707.05,-7.63,-2.88,1,5,2015,Normal,Mid Season
2015-05-11,198443,5257,213676,37.75,-15233.52,-7.68,-2.90,2,5,2015,Normal,Mid Season
2015-05-12,193182,5118,208039,37.75,-14857.02,-7.69,-2.90,3,5,2015,Normal,Mid Season
2015-05-13,166403,4410,179222,37.73,-12818.45,-7.70,-2.91,4,5,2015,Normal,Mid Season
2015-05-14,149179,3952,160620,37.75,-11441.61,-7.67,-2.90,5,5,2015,Normal,Mid Season
2015-05-15,380593,10084,409812,37.74,-29219.86,-7.68,-2.90,6,5,2015,Normal,Mid Season
2015-05-16,413700,10964,445570,37.73,-31869.54,-7.70,-2.91,7,5,2015,Normal,Mid Season
2015-05-17,177160,4695,190812,37.73,-13651.90,-7.71,-2.91,1,5,2015,Normal,Mid Season
2015-05-18,196421,5205,211511,37.74,-15090.02,-7.68,-2.90,2,5,2015,Normal,Mid Season
2015-05-19,137941,3638,147846,37.92,-9905.18,-7.18,-2.72,3,5,2015,Normal,Mid Season
2015-05-20,166176,4394,178568,37.82,-12391.90,-7.46,-2.82,4,5,2015,Normal,Mid Season
2015-05-21,84604,2012,81763,42.05,2841.11,3.36,1.41,5,5,2015,Normal,Mid Season
2015-05-22,321821,8526,346488,37.75,-24666.50,-7.66,-2.89,6,5,2015,Normal,Mid Season
2015-05-23,418715,11096,450936,37.74,-32220.87,-7.70,-2.90,7,5,2015,Normal,Mid Season
2015-05-24,169541,4489,182419,37.77,-12877.88,-7.60,-2.87,1,5,2015,Normal,Mid Season
2015-05-25,256435,6795,276174,37.74,-19739.28,-7.70,-2.90,2,5,2015,Normal,Mid Season
2015-05-26,199386,5283,214720,37.74,-15333.84,-7.69,-2.90,3,5,2015,Normal,Mid Season
2015-05-27,243554,6453,262251,37.74,-18696.86,-7.68,-2.90,4,5,2015,Normal,Mid Season
2015-05-28,217746,5770,234483,37.74,-16737.40,-7.69,-2.90,5,5,2015,Normal,Mid Season
2015-05-29,472161,12507,508265,37.75,-36104.39,-7.65,-2.89,6,5,2015,Normal,Mid Season
2015-05-30,546135,14475,588250,37.73,-42114.72,-7.71,-2.91,7,5,2015,Normal,Mid Season
2015-05-31,264637,7009,284829,37.76,-20191.29,-7.63,-2.88,1,5,2015,Normal,Mid Season
2015-06-01,440906,11688,474967,37.72,-34061.33,-7.73,-2.91,2,6,2015,Normal,Low Season
2015-06-02,334319,8863,360169,37.72,-25849.93,-7.73,-2.92,3,6,2015,Normal,Low Season
2015-06-03,269836,7148,290492,37.75,-20656.28,-7.66,-2.89,4,6,2015,Normal,Low Season
2015-06-04,201146,5326,216429,37.77,-15282.01,-7.60,-2.87,5,6,2015,Normal,Low Season
2015-06-05,293461,7775,315938,37.74,-22476.78,-7.66,-2.89,6,6,2015,Normal,Low Season
2015-06-06,349413,9255,376095,37.75,-26681.71,-7.64,-2.88,7,6,2015,Normal,Low Season
2015-06-07,179603,4758,193349,37.75,-13745.68,-7.65,-2.89,1,6,2015,Normal,Low Season
2015-06-08,109811,2613,106166,42.02,3644.46,3.32,1.39,2,6,2015,Normal,Low Season
2015-06-09,76957,1830,74213,42.05,2744.13,3.57,1.50,3,6,2015,Normal,Low Season
2015-06-10,71200,1694,68669,42.03,2530.19,3.55,1.49,4,6,2015,Normal,Low Season
2015-06-11,68988,1642,66539,42.01,2449.18,3.55,1.49,5,6,2015,Normal,Low Season
2015-06-12,155157,3690,149423,42.05,5733.64,3.70,1.55,6,6,2015,Normal,Low Season
2015-06-13,185110,4404,178347,42.03,6762.15,3.65,1.54,7,6,2015,Normal,Low Season
2015-06-14,83780,1992,80660,42.06,3119.72,3.72,1.57,1,6,2015,Normal,Low Season
2015-06-15,149502,3557,143963,42.03,5538.70,3.70,1.56,2,6,2015,Normal,Low Season
2015-06-16,100477,2395,96810,41.95,3667.19,3.65,1.53,3,6,2015,Normal,Low Season
2015-06-17,89073,2120,85639,42.02,3433.40,3.85,1.62,4,6,2015,Normal,Low Season
2015-06-18,78747,1875,75674,42.00,3072.81,3.90,1.64,5,6,2015,Normal,Low Season
2015-06-19,141913,3376,136018,42.04,5895.63,4.15,1.75,6,6,2015,Normal,Low Season
2015-06-20,169304,4027,162288,42.04,7016.37,4.14,1.74,7,6,2015,Normal,Low Season
2015-06-21,89512,2128,85782,42.06,3730.44,4.17,1.75,1,6,2015,Normal,Low Season
2015-06-22,85984,2046,82427,42.03,3556.84,4.14,1.74,2,6,2015,Normal,Low Season
2015-06-23,64956,1546,62170,42.02,2786.68,4.29,1.80,3,6,2015,Normal,Low Season
2015-06-24,106613,2822,113428,37.78,-6815.04,-6.39,-2.41,4,6,2015,Normal,Low Season
2015-06-25,183844,4865,195366,37.79,-11521.91,-6.27,-2.37,5,6,2015,Normal,Low Season
2015-06-26,319580,8450,339242,37.82,-19661.90,-6.15,-2.33,6,6,2015,Normal,Low Season
2015-06-27,369246,9770,392018,37.79,-22772.21,-6.17,-2.33,7,6,2015,Normal,Low Season
2015-06-28,185648,4914,197095,37.78,-11446.62,-6.17,-2.33,1,6,2015,Normal,Low Season
2015-06-29,165558,4385,175871,37.76,-10313.35,-6.23,-2.35,2,6,2015,Normal,Low Season
2015-06-30,212465,5627,225679,37.76,-13213.85,-6.22,-2.35,3,6,2015,Normal,Low Season
2015-07-01,305232,8086,324249,37.75,-19016.93,-6.23,-2.35,4,7,2015,Normal,Low Season
2015-07-02,250482,6639,266062,37.73,-15580.31,-6.22,-2.35,5,7,2015,Normal,Low Season
2015-07-03,268410,7104,284593,37.78,-16182.51,-6.03,-2.28,6,7,2015,Normal,Low Season
2015-07-04,316365,8364,335025,37.82,-18659.58,-5.90,-2.23,7,7,2015,Normal,Low Season
2015-07-05,156873,4146,165969,37.84,-9095.58,-5.80,-2.19,1,7,2015,Normal,Low Season
2015-07-06,173988,4601,184189,37.82,-10201.23,-5.86,-2.22,2,7,2015,Normal,Low Season
2015-07-07,135754,3593,143800,37.78,-8045.83,-5.93,-2.24,3,7,2015,Normal,Low Season
2015-07-08,84427,2114,84589,39.94,-162.45,-0.19,-0.08,4,7,2015,Normal,Low Season
2015-07-09,70815,1797,71913,39.41,-1097.88,-1.55,-0.61,5,7,2015,Normal,Low Season
2015-07-10,125983,3195,127885,39.43,-1901.44,-1.51,-0.60,6,7,2015,Normal,Low Season
2015-07-11,142378,3595,143925,39.60,-1546.38,-1.09,-0.43,7,7,2015,Normal,Low Season
2015-07-12,57428,1467,58723,39.15,-1295.36,-2.26,-0.88,1,7,2015,Normal,Low Season
2015-07-13,63331,1610,64690,39.34,-1358.73,-2.15,-0.84,2,7,2015,Normal,Low Season
2015-07-14,51241,1307,52510,39.21,-1268.89,-2.48,-0.97,3,7,2015,Normal,Low Season
2015-07-15,80326,2050,81730,39.18,-1403.83,-1.75,-0.68,4,7,2015,Normal,Low Season
2015-07-16,71913,1849,73763,38.89,-1850.06,-2.57,-1.00,5,7,2015,Normal,Low Season
2015-07-17,119204,3070,122670,38.83,-3465.39,-2.91,-1.13,6,7,2015,Normal,Low Season
2015-07-18,129441,3322,132493,38.96,-3052.15,-2.36,-0.92,7,7,2015,Normal,Low Season
2015-07-19,77646,1982,79556,39.18,-1909.88,-2.46,-0.96,1,7,2015,Normal,Low Season
2015-07-20,69927,1787,71363,39.13,-1435.87,-2.05,-0.80,2,7,2015,Normal,Low Season
2015-07-21,71973,1846,73852,38.99,-1878.74,-2.61,-1.02,3,7,2015,Normal,Low Season
2015-07-22,44305,1142,45469,38.80,-1163.94,-2.63,-1.02,4,7,2015,Normal,Low Season
2015-07-23,66800,1734,69324,38.52,-2523.92,-3.78,-1.46,5,7,2015,Normal,Low Season
2015-07-24,125690,3259,130428,38.57,-4738.63,-3.77,-1.45,6,7,2015,Normal,Low Season
2015-07-25,138625,3572,143537,38.81,-4912.45,-3.54,-1.38,7,7,2015,Normal,Low Season
2015-07-26,81715,2109,85089,38.75,-3374.18,-4.13,-1.60,1,7,2015,Normal,Low Season
2015-07-27,86843,2242,90243,38.73,-3399.93,-3.92,-1.52,2,7,2015,Normal,Low Season
2015-07-28,56977,1474,59094,38.65,-2117.29,-3.72,-1.44,3,7,2015,Normal,Low Season
2015-07-29,53434,1381,55517,38.69,-2082.86,-3.90,-1.51,4,7,2015,Normal,Low Season
2015-07-30,55134,1423,57065,38.74,-1930.67,-3.50,-1.36,5,7,2015,Normal,Low Season
2015-07-31,145034,3740,149877,38.78,-4843.26,-3.34,-1.29,6,7,2015,Normal,Low Season
2015-08-01,173307,4453,178700,38.92,-5393.07,-3.11,-1.21,7,8,2015,Normal,Low Season
2015-08-02,88154,2258,90829,39.04,-2674.32,-3.03,-1.18,1,8,2015,Normal,Low Season
2015-08-03,81142,2074,83115,39.12,-1972.55,-2.43,-0.95,2,8,2015,Normal,Low Season
2015-08-04,77673,2007,80418,38.70,-2744.86,-3.53,-1.37,3,8,2015,Normal,Low Season
2015-08-05,75483,1948,78024,38.75,-2540.86,-3.37,-1.30,4,8,2015,Normal,Low Season
2015-08-06,74355,1922,76978,38.69,-2623.74,-3.53,-1.37,5,8,2015,Normal,Low Season
2015-08-07,120327,3088,123708,38.97,-3380.89,-2.81,-1.09,6,8,2015,Normal,Low Season
2015-08-08,131868,3388,135721,38.92,-3853.43,-2.92,-1.14,7,8,2015,Normal,Low Season
2015-08-09,75504,1944,77979,38.84,-2474.69,-3.28,-1.27,1,8,2015,Normal,Low Season
2015-08-10,69968,1812,72666,38.61,-2697.65,-3.86,-1.49,2,8,2015,Normal,Low Season
2015-08-11,60187,1563,62538,38.51,-2351.34,-3.91,-1.50,3,8,2015,Normal,Low Season
2015-08-12,44699,1171,46850,38.17,-2150.87,-4.81,-1.84,4,8,2015,Normal,Low Season
2015-08-13,39463,1035,41414,38.13,-1951.01,-4.94,-1.89,5,8,2015,Normal,Low Season
2015-08-14,85794,2247,89899,38.18,-4104.80,-4.78,-1.83,6,8,2015,Normal,Low Season
2015-08-15,117288,3068,122504,38.23,-5216.35,-4.45,-1.70,7,8,2015,Normal,Low Season
2015-08-16,71056,1866,74589,38.08,-3533.11,-4.97,-1.89,1,8,2015,Normal,Low Season
2015-08-17,64394,1690,67505,38.10,-3111.18,-4.83,-1.84,2,8,2015,Normal,Low Season
2015-08-18,35166,922,36842,38.14,-1676.00,-4.77,-1.82,3,8,2015,Normal,Low Season
2015-08-19,23234,604,24104,38.47,-869.90,-3.74,-1.44,4,8,2015,Normal,Low Season
2015-08-20,24755,643,25407,38.50,-652.22,-2.63,-1.01,5,8,2015,Normal,Low Season
2015-08-21,76691,2006,78692,38.23,-2000.67,-2.61,-1.00,6,8,2015,Normal,Low Season
2015-08-22,102231,2677,104713,38.19,-2481.80,-2.43,-0.93,7,8,2015,Normal,Low Season
2015-08-23,56975,1467,57549,38.84,-574.12,-1.01,-0.39,1,8,2015,Normal,Low Season
2015-08-24,59443,1528,59785,38.90,-342.70,-0.58,-0.22,2,8,2015,Normal,Low Season
2015-08-25,217683,6360,246976,34.23,-29292.37,-13.46,-4.61,3,8,2015,Normal,Low Season
2015-08-26,275459,8035,307092,34.28,-31633.47,-11.48,-3.94,4,8,2015,Normal,Low Season
2015-08-27,228732,6675,252845,34.27,-24113.58,-10.54,-3.61,5,8,2015,Normal,Low Season
2015-08-28,387639,11330,426783,34.21,-39144.18,-10.10,-3.45,6,8,2015,Normal,Low Season
2015-08-29,461188,13484,504578,34.20,-43390.18,-9.41,-3.22,7,8,2015,Normal,Low Season
2015-08-30,202250,5913,220152,34.20,-17902.51,-8.85,-3.03,1,8,2015,Normal,Low Season
2015-08-31,332560,9721,361970,34.21,-29410.52,-8.84,-3.03,2,8,2015,Normal,Low Season
2015-09-01,384807,11257,418102,34.18,-33294.83,-8.65,-2.96,3,9,2015,Normal,Mid Season
2015-09-02,345776,10102,373816,34.23,-28039.92,-8.11,-2.78,4,9,2015,Normal,Mid Season
2015-09-03,271551,7938,293344,34.21,-21792.78,-8.03,-2.75,5,9,2015,Normal,Mid Season
2015-09-04,340440,9936,366360,34.26,-25919.45,-7.61,-2.61,6,9,2015,Normal,Mid Season
2015-09-05,364417,10643,392128,34.24,-27711.57,-7.60,-2.60,7,9,2015,Normal,Mid Season
2015-09-06,164720,4800,176648,34.32,-11928.24,-7.24,-2.49,1,9,2015,Normal,Mid Season
2015-09-07,178921,5228,192508,34.22,-13586.43,-7.59,-2.60,2,9,2015,Normal,Mid Season
2015-09-08,70287,1810,66640,38.83,3647.30,5.19,2.02,3,9,2015,Normal,Mid Season
2015-09-09,76014,1961,72211,38.76,3802.57,5.00,1.94,4,9,2015,Normal,Mid Season
2015-09-10,48407,1232,45317,39.29,3090.24,6.38,2.51,5,9,2015,Normal,Mid Season
2015-09-11,85940,2194,81560,39.17,4380.18,5.10,2.00,6,9,2015,Normal,Mid Season
2015-09-12,57382,1469,54341,39.06,3040.86,5.30,2.07,7,9,2015,Normal,Mid Season
2015-09-13,32480,829,30764,39.18,1716.11,5.28,2.07,1,9,2015,Normal,Mid Season
2015-09-14,52160,1329,49656,39.25,2504.18,4.80,1.88,2,9,2015,Normal,Mid Season
2015-09-15,51003,1300,48602,39.23,2400.87,4.71,1.85,3,9,2015,Normal,Mid Season
2015-09-16,30195,773,28605,39.06,1589.26,5.26,2.06,4,9,2015,Normal,Mid Season
2015-09-17,29751,760,28084,39.15,1666.99,5.60,2.19,5,9,2015,Normal,Mid Season
2015-09-18,68505,1755,64882,39.03,3622.66,5.29,2.06,6,9,2015,Normal,Mid Season
2015-09-19,68997,1766,65212,39.07,3784.99,5.49,2.14,7,9,2015,Normal,Mid Season
2015-09-20,41856,1078,39629,38.83,2226.48,5.32,2.07,1,9,2015,Normal,Mid Season
2015-09-21,44303,1124,41485,39.42,2818.01,6.36,2.51,2,9,2015,Normal,Mid Season
2015-09-22,46599,1182,43807,39.42,2792.57,5.99,2.36,3,9,2015,Normal,Mid Season
2015-09-23,125183,3725,138584,33.61,-13401.08,-10.71,-3.60,4,9,2015,Normal,Mid Season
2015-09-24,150037,4492,167705,33.40,-17668.05,-11.78,-3.93,5,9,2015,Normal,Mid Season
2015-09-25,368038,11030,413541,33.37,-45503.12,-12.36,-4.13,6,9,2015,Normal,Mid Season
2015-09-26,351320,10528,397627,33.37,-46306.95,-13.18,-4.40,7,9,2015,Normal,Mid Season
2015-09-27,163290,4895,185404,33.36,-22114.11,-13.54,-4.52,1,9,2015,Normal,Mid Season
2015-09-28,190892,5720,216571,33.37,-25678.60,-13.45,-4.49,2,9,2015,Normal,Mid Season
2015-09-29,143082,4288,162929,33.37,-19846.89,-13.87,-4.63,3,9,2015,Normal,Mid Season
2015-09-30,323549,9693,368435,33.38,-44886.10,-13.87,-4.63,4,9,2015,Normal,Mid Season
2015-10-01,402312,12065,459286,33.35,-56973.47,-14.16,-4.72,5,10,2015,Normal,Mid Season
2015-10-02,393635,11758,448391,33.48,-54755.79,-13.91,-4.66,6,10,2015,Normal,Mid Season
2015-10-03,451100,13508,515549,33.40,-64449.33,-14.29,-4.77,7,10,2015,Normal,Mid Season
2015-10-04,202903,6085,232360,33.34,-29457.70,-14.52,-4.84,1,10,2015,Normal,Mid Season
2015-10-05,294558,8828,336898,33.37,-42340.28,-14.37,-4.80,2,10,2015,Normal,Mid Season
2015-10-06,221618,6636,253291,33.40,-31672.73,-14.29,-4.77,3,10,2015,Normal,Mid Season
2015-10-07,63968,1622,61943,39.44,2025.54,3.17,1.25,4,10,2015,Normal,Mid Season
2015-10-08,59610,1512,57736,39.42,1873.07,3.14,1.24,5,10,2015,Normal,Mid Season
2015-10-09,126588,3211,122622,39.42,3965.89,3.13,1.24,6,10,2015,Normal,Mid Season
2015-10-10,119755,3037,116004,39.43,3751.32,3.13,1.24,7,10,2015,Normal,Mid Season
2015-10-11,57413,1456,55618,39.43,1795.83,3.13,1.23,1,10,2015,Normal,Mid Season
2015-10-12,57749,1465,55933,39.42,1816.13,3.14,1.24,2,10,2015,Normal,Mid Season
2015-10-13,40141,1018,38881,39.43,1259.73,3.14,1.24,3,10,2015,Normal,Mid Season
2015-10-14,42196,1070,40869,39.44,1326.57,3.14,1.24,4,10,2015,Normal,Mid Season
2015-10-15,53491,1357,51799,39.42,1691.63,3.16,1.25,5,10,2015,Normal,Mid Season
2015-10-16,110809,2810,107332,39.43,3477.34,3.14,1.24,6,10,2015,Normal,Mid Season
2015-10-17,111527,2829,108024,39.42,3503.41,3.14,1.24,7,10,2015,Normal,Mid Season
2015-10-18,59808,1517,57937,39.43,1870.68,3.13,1.23,1,10,2015,Normal,Mid Season
2015-10-19,55166,1399,53437,39.43,1729.33,3.13,1.24,2,10,2015,Normal,Mid Season
2015-10-20,42055,1067,40736,39.41,1318.53,3.14,1.24,3,10,2015,Normal,Mid Season
2015-10-21,53678,1361,52000,39.44,1678.32,3.13,1.23,4,10,2015,Normal,Mid Season
2015-10-22,55930,1419,54178,39.42,1752.48,3.13,1.24,5,10,2015,Normal,Mid Season
2015-10-23,185771,5042,192527,36.84,-6756.01,-3.64,-1.34,6,10,2015,Normal,Mid Season
2015-10-24,253117,6872,262410,36.83,-9292.66,-3.67,-1.35,7,10,2015,Normal,Mid Season
2015-10-25,118618,3218,122915,36.86,-4296.81,-3.62,-1.34,1,10,2015,Normal,Mid Season
2015-10-26,123321,3347,128134,36.85,-4812.99,-3.90,-1.44,2,10,2015,Normal,Mid Season
2015-10-27,117051,3177,122175,36.84,-5123.72,-4.38,-1.61,3,10,2015,Normal,Mid Season
2015-10-28,159300,4532,174699,35.15,-15399.09,-9.67,-3.40,4,10,2015,Normal,Mid Season
2015-10-29,119047,3231,124349,36.85,-5301.86,-4.45,-1.64,5,10,2015,Normal,Mid Season
2015-10-30,285082,7731,297628,36.88,-12545.72,-4.40,-1.62,6,10,2015,Normal,Mid Season
2015-10-31,391656,11148,429833,35.13,-38176.62,-9.75,-3.42,7,10,2015,Normal,Mid Season
2015-11-01,274815,7459,287978,36.84,-13163.40,-4.79,-1.76,1,11,2015,Normal,Peak Season
2015-11-02,269555,7316,281915,36.84,-12360.17,-4.59,-1.69,2,11,2015,Normal,Peak Season
2015-11-03,192001,5211,201126,36.85,-9124.74,-4.75,-1.75,3,11,2015,Normal,Peak Season
2015-11-04,201368,5731,220580,35.14,-19212.21,-9.54,-3.35,4,11,2015,Normal,Peak Season
2015-11-05,111875,3036,116637,36.85,-4762.48,-4.26,-1.57,5,11,2015,Normal,Peak Season
2015-11-06,214540,5822,223738,36.85,-9198.10,-4.29,-1.58,6,11,2015,Normal,Peak Season
2015-11-07,280264,7987,306935,35.09,-26670.92,-9.52,-3.34,7,11,2015,Normal,Peak Season
2015-11-08,134137,3640,140236,36.85,-6099.57,-4.55,-1.68,1,11,2015,Normal,Peak Season
2015-11-09,94243,2338,89949,40.31,4294.16,4.56,1.84,2,11,2015,Normal,Peak Season
2015-11-10,131436,3744,143823,35.11,-12387.19,-9.42,-3.31,3,11,2015,Normal,Peak Season
2015-11-11,147894,4216,161666,35.08,-13771.66,-9.31,-3.27,4,11,2015,Normal,Peak Season
2015-11-12,140238,4000,153481,35.06,-13243.06,-9.44,-3.31,5,11,2015,Normal,Peak Season
2015-11-13,358184,10204,391310,35.10,-33126.55,-9.25,-3.25,6,11,2015,Normal,Peak Season
2015-11-14,377937,10769,413010,35.09,-35073.09,-9.28,-3.26,7,11,2015,Normal,Peak Season
2015-11-15,168730,4803,184673,35.13,-15943.53,-9.45,-3.32,1,11,2015,Normal,Peak Season
2015-11-16,177193,5042,193615,35.14,-16422.73,-9.27,-3.26,2,11,2015,Normal,Peak Season
2015-11-17,152369,4342,166625,35.09,-14256.62,-9.36,-3.28,3,11,2015,Normal,Peak Season
2015-11-18,147472,4202,161403,35.10,-13931.11,-9.45,-3.32,4,11,2015,Normal,Peak Season
2015-11-19,145697,4151,159318,35.10,-13620.46,-9.35,-3.28,5,11,2015,Normal,Peak Season
2015-11-20,301034,8567,328965,35.14,-27931.16,-9.28,-3.26,6,11,2015,Normal,Peak Season
2015-11-21,309518,8811,338720,35.13,-29201.95,-9.43,-3.31,7,11,2015,Normal,Peak Season
2015-11-22,152505,4345,167601,35.10,-15096.02,-9.90,-3.47,1,11,2015,Normal,Peak Season
2015-11-23,79712,1937,74376,41.15,5335.79,6.69,2.75,2,11,2015,Normal,Peak Season
2015-11-24,111021,3160,121457,35.13,-10435.14,-9.40,-3.30,3,11,2015,Normal,Peak Season
2015-11-25,243161,6924,266054,35.12,-22893.11,-9.41,-3.31,4,11,2015,Normal,Peak Season
2015-11-26,311443,9273,355344,33.59,-43900.69,-14.10,-4.73,5,11,2015,Normal,Peak Season
2015-11-27,375876,11257,431326,33.39,-55449.67,-14.75,-4.93,6,11,2015,Normal,Peak Season
2015-11-28,434640,13019,498896,33.39,-64255.96,-14.78,-4.94,7,11,2015,Normal,Peak Season
2015-11-29,238638,7139,274094,33.43,-35455.76,-14.86,-4.97,1,11,2015,Normal,Peak Season
2015-11-30,260654,7423,283981,35.11,-23327.48,-8.95,-3.14,2,11,2015,Normal,Peak Season
2015-12-01,262395,7474,285839,35.11,-23443.78,-8.93,-3.14,3,12,2015,Normal,Peak Season
2015-12-02,248438,7056,269808,35.21,-21369.91,-8.60,-3.03,4,12,2015,Normal,Peak Season
2015-12-03,201049,5732,219110,35.07,-18061.56,-8.98,-3.15,5,12,2015,Normal,Peak Season
2015-12-04,317691,9038,345450,35.15,-27758.77,-8.74,-3.07,6,12,2015,Normal,Peak Season
2015-12-05,378528,10737,410385,35.25,-31857.16,-8.42,-2.97,7,12,2015,Normal,Peak Season
2015-12-06,195425,5505,210461,35.50,-15036.00,-7.69,-2.73,1,12,2015,Normal,Peak Season
2015-12-07,90442,2198,84000,41.15,6442.01,7.12,2.93,2,12,2015,Normal,Peak Season
2015-12-08,117649,3190,121640,36.88,-3991.38,-3.39,-1.25,3,12,2015,Normal,Peak Season
2015-12-09,141285,3814,145443,37.04,-4157.65,-2.94,-1.09,4,12,2015,Normal,Peak Season
2015-12-10,133184,3610,137726,36.89,-4542.18,-3.41,-1.26,5,12,2015,Normal,Peak Season
2015-12-11,229672,6227,237672,36.88,-7999.76,-3.48,-1.28,6,12,2015,Normal,Peak Season
2015-12-12,333489,9422,359621,35.39,-26132.28,-7.84,-2.77,7,12,2015,Normal,Peak Season
2015-12-13,185423,5014,191390,36.98,-5967.52,-3.22,-1.19,1,12,2015,Normal,Peak Season
2015-12-14,173833,4715,179871,36.87,-6037.92,-3.47,-1.28,2,12,2015,Normal,Peak Season
2015-12-15,220272,6212,237123,35.46,-16851.62,-7.65,-2.71,3,12,2015,Normal,Peak Season
2015-12-16,234468,6585,251494,35.61,-17025.84,-7.26,-2.59,4,12,2015,Normal,Peak Season
2015-12-17,213778,6051,230994,35.33,-17216.22,-8.05,-2.85,5,12,2015,Normal,Peak Season
2015-12-18,273563,7750,295855,35.30,-22291.54,-8.15,-2.88,6,12,2015,Normal,Peak Season
2015-12-19,337507,9490,362223,35.56,-24716.37,-7.32,-2.60,7,12,2015,Normal,Peak Season
2015-12-20,155313,4382,167422,35.44,-12109.19,-7.80,-2.76,1,12,2015,Normal,Peak Season
2015-12-21,289243,8196,312785,35.29,-23541.59,-8.14,-2.87,2,12,2015,Normal,Peak Season
2015-12-22,313125,8863,338300,35.33,-25174.29,-8.04,-2.84,3,12,2015,Normal,Peak Season
2015-12-23,268330,6534,249584,41.07,18746.18,6.99,2.87,4,12,2015,Normal,Peak Season
2015-12-24,392228,9540,364396,41.11,27831.94,7.10,2.92,5,12,2015,Normal,Peak Season
2015-12-25,133729,3256,124364,41.07,9365.43,7.00,2.88,6,12,2015,Normal,Peak Season
2015-12-26,82778,2013,76876,41.12,5901.95,7.13,2.93,7,12,2015,Normal,Peak Season
2015-12-27,69523,1692,64616,41.09,4906.76,7.06,2.90,1,12,2015,Normal,Peak Season
2015-12-28,133021,3234,123501,41.13,9520.49,7.16,2.94,2,12,2015,Normal,Peak Season
2015-12-29,161268,4592,175378,35.12,-14110.63,-8.75,-3.07,3,12,2015,Normal,Peak Season
2015-12-30,208583,5945,227060,35.09,-18477.04,-8.86,-3.11,4,12,2015,Normal,Peak Season
2015-12-31,325458,9266,353930,35.12,-28472.21,-8.75,-3.07,5,12,2015,Normal,Peak Season
2016-01-01,111650,3179,121448,35.12,-9798.04,-8.78,-3.08,6,1,2016,Normal,Peak Season
2016-01-02,262421,7479,285676,35.09,-23254.56,-8.86,-3.11,7,1,2016,Normal,Peak Season
2016-01-03,164528,4694,179309,35.05,-14781.41,-8.98,-3.15,1,1,2016,Normal,Peak Season
2016-01-04,274990,7843,299576,35.06,-24586.09,-8.94,-3.13,2,1,2016,Normal,Peak Season
2016-01-05,215738,6150,234642,35.08,-18904.24,-8.76,-3.07,3,1,2016,Normal,Peak Season
2016-01-06,98647,2401,91611,41.09,7036.42,7.13,2.93,4,1,2016,Normal,Peak Season
2016-01-07,74401,1808,68989,41.15,5412.35,7.27,2.99,5,1,2016,Normal,Peak Season
2016-01-08,106592,2594,99022,41.09,7570.66,7.10,2.92,6,1,2016,Normal,Peak Season
2016-01-09,134630,3274,124963,41.12,9666.19,7.18,2.95,7,1,2016,Normal,Peak Season
2016-01-10,90774,2207,84299,41.13,6474.36,7.13,2.93,1,1,2016,Normal,Peak Season
2016-01-11,121373,2949,112550,41.16,8822.64,7.27,2.99,2,1,2016,Normal,Peak Season
2016-01-12,99446,2417,92227,41.14,7219.04,7.26,2.99,3,1,2016,Normal,Peak Season
2016-01-13,67588,1644,62760,41.11,4827.19,7.14,2.94,4,1,2016,Normal,Peak Season
2016-01-14,61686,1499,57191,41.15,4494.50,7.29,3.00,5,1,2016,Normal,Peak Season
2016-01-15,150007,3648,139245,41.12,10762.03,7.17,2.95,6,1,2016,Normal,Peak Season
2016-01-16,191287,4652,177577,41.12,13710.07,7.17,2.95,7,1,2016,Normal,Peak Season
2016-01-17,92595,2252,86018,41.12,6577.27,7.10,2.92,1,1,2016,Normal,Peak Season
2016-01-18,96947,2357,89961,41.13,6985.69,7.21,2.96,2,1,2016,Normal,Peak Season
2016-01-19,70513,1715,65453,41.12,5059.62,7.18,2.95,3,1,2016,Normal,Peak Season
2016-01-20,159590,4776,182351,33.42,-22760.65,-14.26,-4.77,4,1,2016,Normal,Peak Season
2016-01-21,67046,1628,61894,41.18,5152.01,7.68,3.16,5,1,2016,Normal,Peak Season
2016-01-22,266949,7806,294323,34.20,-27373.69,-10.25,-3.51,6,1,2016,Normal,Peak Season
2016-01-23,315272,9210,346093,34.23,-30820.84,-9.78,-3.35,7,1,2016,Normal,Peak Season
2016-01-24,149139,4351,163506,34.28,-14366.79,-9.63,-3.30,1,1,2016,Normal,Peak Season
2016-01-25,215171,6278,234622,34.27,-19450.56,-9.04,-3.10,2,1,2016,Normal,Peak Season
2016-01-26,205198,5992,221932,34.25,-16733.68,-8.15,-2.79,3,1,2016,Normal,Peak Season
2016-01-27,214452,6265,231730,34.23,-17277.98,-8.06,-2.76,4,1,2016,Normal,Peak Season
2016-01-28,195768,5723,210640,34.21,-14871.87,-7.60,-2.60,5,1,2016,Normal,Peak Season
2016-01-29,397984,11900,437199,33.44,-39214.60,-9.85,-3.30,6,1,2016,Normal,Peak Season
2016-01-30,512603,15345,561872,33.41,-49269.10,-9.61,-3.21,7,1,2016,Normal,Peak Season
2016-01-31,218104,6525,238662,33.43,-20558.13,-9.43,-3.15,1,1,2016,Normal,Peak Season
2016-02-01,339004,10153,371177,33.39,-32172.85,-9.49,-3.17,2,2,2016,Normal,Mid Season
2016-02-02,278116,8116,295646,34.27,-17529.26,-6.30,-2.16,3,2,2016,Normal,Mid Season
2016-02-03,264159,7712,280392,34.25,-16232.97,-6.15,-2.10,4,2,2016,Normal,Mid Season
2016-02-04,197778,5759,209372,34.34,-11594.16,-5.86,-2.01,5,2,2016,Normal,Mid Season
2016-02-05,325749,9501,345288,34.29,-19538.80,-6.00,-2.06,6,2,2016,Normal,Mid Season
2016-02-06,371562,10840,393884,34.28,-22322.46,-6.01,-2.06,7,2,2016,Normal,Mid Season
2016-02-07,174582,5089,185041,34.31,-10459.14,-5.99,-2.06,1,2,2016,Normal,Mid Season
2016-02-08,208489,6087,221373,34.25,-12883.47,-6.18,-2.12,2,2,2016,Normal,Mid Season
2016-02-09,84495,2053,74682,41.16,9812.90,11.61,4.78,3,2,2016,Normal,Mid Season
2016-02-10,76661,1825,66380,42.01,10281.69,13.41,5.63,4,2,2016,Normal,Mid Season
2016-02-11,64035,1525,55491,41.99,8543.60,13.34,5.60,5,2,2016,Normal,Mid Season
2016-02-12,148840,3542,129583,42.02,19256.48,12.94,5.44,6,2,2016,Normal,Mid Season
2016-02-13,172542,4105,150539,42.03,22002.52,12.75,5.36,7,2,2016,Normal,Mid Season
2016-02-14,87992,2094,76379,42.02,11613.16,13.20,5.55,1,2,2016,Normal,Mid Season
2016-02-15,123445,2940,108669,41.99,14776.16,11.97,5.03,2,2,2016,Normal,Mid Season
2016-02-16,77345,1841,68269,42.01,9075.44,11.73,4.93,3,2,2016,Normal,Mid Season
2016-02-17,158963,4529,167522,35.10,-8558.50,-5.38,-1.89,4,2,2016,Normal,Mid Season
2016-02-18,69598,1658,61493,41.98,8105.10,11.65,4.89,5,2,2016,Normal,Mid Season
2016-02-19,161276,3841,143446,41.99,17829.24,11.06,4.64,6,2,2016,Normal,Mid Season
2016-02-20,325215,9260,345446,35.12,-20230.93,-6.22,-2.18,7,2,2016,Normal,Mid Season
2016-02-21,96957,2308,86455,42.01,10501.80,10.83,4.55,1,2,2016,Normal,Mid Season
2016-02-22,85224,2028,75961,42.02,9263.76,10.87,4.57,2,2,2016,Normal,Mid Season
2016-02-23,54613,1301,49072,41.98,5541.08,10.15,4.26,3,2,2016,Normal,Mid Season
2016-02-24,81531,2213,81738,36.84,-207.44,-0.25,-0.09,4,2,2016,Normal,Mid Season
2016-02-25,160948,4404,162597,36.55,-1649.96,-1.03,-0.37,5,2,2016,Normal,Mid Season
2016-02-26,188736,4935,183103,38.24,5633.01,2.98,1.14,6,2,2016,Normal,Mid Season
2016-02-27,215952,5609,210033,38.50,5918.72,2.74,1.06,7,2,2016,Normal,Mid Season
2016-02-28,134996,3452,129939,39.11,5057.15,3.75,1.46,1,2,2016,Normal,Mid Season
2016-02-29,163079,4270,160333,38.19,2746.79,1.68,0.64,2,2,2016,Normal,Mid Season
2016-03-01,180829,4719,182962,38.32,-2133.66,-1.18,-0.45,3,3,2016,Normal,Mid Season
2016-03-02,171196,4451,174429,38.46,-3232.51,-1.89,-0.73,4,3,2016,Normal,Mid Season
2016-03-03,129719,3364,131962,38.56,-2242.88,-1.73,-0.67,5,3,2016,Normal,Mid Season
2016-03-04,142128,3665,144039,38.78,-1911.77,-1.35,-0.52,6,3,2016,Normal,Mid Season
2016-03-05,152124,3889,153378,39.12,-1253.10,-0.82,-0.32,7,3,2016,Normal,Mid Season
2016-03-06,74133,1882,74332,39.39,-199.49,-0.27,-0.11,1,3,2016,Normal,Mid Season
2016-03-07,91143,2405,95168,37.90,-4024.50,-4.42,-1.67,2,3,2016,Normal,Mid Season
2016-03-08,60528,1577,62343,38.38,-1814.79,-3.00,-1.15,3,3,2016,Normal,Mid Season
2016-03-09,38341,913,35918,41.99,2422.26,6.32,2.65,4,3,2016,Normal,Mid Season
2016-03-10,37453,892,35108,41.99,2344.81,6.26,2.63,5,3,2016,Normal,Mid Season
2016-03-11,77997,1855,73052,42.05,4945.37,6.34,2.67,6,3,2016,Normal,Mid Season
2016-03-12,79752,1897,74963,42.04,4789.47,6.01,2.52,7,3,2016,Normal,Mid Season
2016-03-13,37156,883,34963,42.08,2192.76,5.90,2.48,1,3,2016,Normal,Mid Season
2016-03-14,45047,1071,42368,42.06,2678.47,5.95,2.50,2,3,2016,Normal,Mid Season
2016-03-15,55489,1320,52263,42.04,3226.28,5.81,2.44,3,3,2016,Normal,Mid Season
2016-03-16,41893,997,39495,42.02,2397.85,5.72,2.41,4,3,2016,Normal,Mid Season
2016-03-17,34349,817,32293,42.04,2055.67,5.98,2.52,5,3,2016,Normal,Mid Season
2016-03-18,78277,1866,73747,41.95,4530.07,5.79,2.43,6,3,2016,Normal,Mid Season
2016-03-19,92851,2211,87452,42.00,5399.84,5.82,2.44,7,3,2016,Normal,Mid Season
2016-03-20,54846,1304,51626,42.06,3220.28,5.87,2.47,1,3,2016,Normal,Mid Season
2016-03-21,48038,1143,45188,42.03,2850.16,5.93,2.49,2,3,2016,Normal,Mid Season
2016-03-22,65906,1573,62024,41.90,3881.84,5.89,2.47,3,3,2016,Normal,Mid Season
2016-03-23,84870,2065,81473,41.10,3397.22,4.00,1.65,4,3,2016,Normal,Mid Season
2016-03-24,262460,6588,259298,39.84,3161.05,1.20,0.48,5,3,2016,Normal,Mid Season
2016-03-25,228124,5652,222208,40.36,5916.05,2.59,1.05,6,3,2016,Normal,Mid Season
2016-03-26,162929,4103,161435,39.71,1494.68,0.92,0.36,7,3,2016,Normal,Mid Season
2016-03-27,58360,1466,57682,39.81,678.26,1.16,0.46,1,3,2016,Normal,Mid Season
2016-03-28,85605,2162,85022,39.60,582.95,0.68,0.27,2,3,2016,Normal,Mid Season
2016-03-29,84836,2155,84595,39.37,241.20,0.28,0.11,3,3,2016,Normal,Mid Season
2016-03-30,64309,1746,68428,36.83,-4118.68,-6.40,-2.36,4,3,2016,Normal,Mid Season
2016-03-31,131168,3554,138589,36.91,-7420.61,-5.66,-2.09,5,3,2016,Normal,Mid Season
2016-04-01,232410,6282,245359,37.00,-12948.43,-5.57,-2.06,6,4,2016,Normal,Mid Season
2016-04-02,195831,5259,205443,37.24,-9611.73,-4.91,-1.83,7,4,2016,Normal,Mid Season
2016-04-03,90717,2446,95543,37.09,-4826.59,-5.32,-1.97,1,4,2016,Normal,Mid Season
2016-04-04,131638,3345,130700,39.35,937.83,0.71,0.28,2,4,2016,Normal,Mid Season
2016-04-05,81911,2048,79970,40.00,1941.36,2.37,0.95,3,4,2016,Normal,Mid Season
2016-04-06,54822,1303,50800,42.07,4021.90,7.34,3.09,4,4,2016,Normal,Mid Season
2016-04-07,155615,4413,171592,35.26,-15976.71,-10.27,-3.62,5,4,2016,Normal,Mid Season
2016-04-08,264087,7494,291379,35.24,-27291.69,-10.33,-3.64,6,4,2016,Normal,Mid Season
2016-04-09,272761,7738,298164,35.25,-25403.12,-9.31,-3.28,7,4,2016,Normal,Mid Season
2016-04-10,104689,2958,113609,35.39,-8919.88,-8.52,-3.02,1,4,2016,Normal,Mid Season
2016-04-11,131171,3713,142023,35.33,-10852.22,-8.27,-2.92,2,4,2016,Normal,Mid Season
2016-04-12,123179,3504,132715,35.15,-9535.47,-7.74,-2.72,3,4,2016,Normal,Mid Season
2016-04-13,124431,3534,132889,35.21,-8458.01,-6.80,-2.39,4,4,2016,Normal,Mid Season
2016-04-14,162167,4601,172226,35.25,-10058.82,-6.20,-2.19,5,4,2016,Normal,Mid Season
2016-04-15,354042,10045,373200,35.25,-19158.28,-5.41,-1.91,6,4,2016,Normal,Mid Season
2016-04-16,327352,9301,345339,35.20,-17986.37,-5.49,-1.93,7,4,2016,Normal,Mid Season
2016-04-17,164809,4678,175167,35.23,-10358.13,-6.28,-2.21,1,4,2016,Normal,Mid Season
2016-04-18,151158,4294,159829,35.20,-8670.97,-5.74,-2.02,2,4,2016,Normal,Mid Season
2016-04-19,126896,3606,133726,35.19,-6830.34,-5.38,-1.89,3,4,2016,Normal,Mid Season
2016-04-20,166395,4838,179021,34.39,-12625.10,-7.59,-2.61,4,4,2016,Normal,Mid Season
2016-04-21,167796,4914,182485,34.15,-14688.74,-8.75,-2.99,5,4,2016,Normal,Mid Season
2016-04-22,351146,10269,380098,34.19,-28952.14,-8.25,-2.82,6,4,2016,Normal,Mid Season
2016-04-23,420739,12317,455415,34.16,-34676.53,-8.24,-2.82,7,4,2016,Normal,Mid Season
2016-04-24,186166,5453,202391,34.14,-16225.03,-8.72,-2.98,1,4,2016,Normal,Mid Season
2016-04-25,251450,7372,273255,34.11,-21805.57,-8.67,-2.96,2,4,2016,Normal,Mid Season
2016-04-26,280322,8211,302470,34.14,-22148.02,-7.90,-2.70,3,4,2016,Normal,Mid Season
2016-04-27,313435,9182,337931,34.14,-24496.18,-7.82,-2.67,4,4,2016,Normal,Mid Season
2016-04-28,257325,7520,276852,34.22,-19527.58,-7.59,-2.60,5,4,2016,Normal,Mid Season
2016-04-29,455554,13321,489215,34.20,-33660.73,-7.39,-2.53,6,4,2016,Normal,Mid Season
2016-04-30,556865,16276,598926,34.21,-42060.46,-7.55,-2.58,7,4,2016,Normal,Mid Season
2016-05-01,354856,10388,380511,34.16,-25655.11,-7.23,-2.47,1,5,2016,Normal,Mid Season
2016-05-02,283285,8298,304998,34.14,-21713.27,-7.66,-2.62,2,5,2016,Normal,Mid Season
2016-05-03,297501,8717,319786,34.13,-22285.69,-7.49,-2.56,3,5,2016,Normal,Mid Season
2016-05-04,285968,8364,305507,34.19,-19538.51,-6.83,-2.34,4,5,2016,Normal,Mid Season
2016-05-05,237947,6968,254527,34.15,-16580.78,-6.97,-2.38,5,5,2016,Normal,Mid Season
2016-05-06,340852,9973,364361,34.18,-23509.53,-6.90,-2.36,6,5,2016,Normal,Mid Season
2016-05-07,388188,11363,414645,34.16,-26457.02,-6.82,-2.33,7,5,2016,Normal,Mid Season
2016-05-08,139179,4074,148731,34.16,-9552.11,-6.86,-2.34,1,5,2016,Normal,Mid Season
2016-05-09,66400,1579,57742,42.05,8658.56,13.04,5.48,2,5,2016,Normal,Mid Season
2016-05-10,42724,1016,37113,42.05,5610.54,13.13,5.52,3,5,2016,Normal,Mid Season
2016-05-11,35014,832,30394,42.08,4620.66,13.20,5.55,4,5,2016,Normal,Mid Season
2016-05-12,27210,647,23570,42.06,3640.25,13.38,5.63,5,5,2016,Normal,Mid Season
2016-05-13,79840,1898,69079,42.07,10761.37,13.48,5.67,6,5,2016,Normal,Mid Season
2016-05-14,82484,1961,71426,42.06,11058.44,13.41,5.64,7,5,2016,Normal,Mid Season
2016-05-15,51497,1224,44612,42.07,6885.30,13.37,5.63,1,5,2016,Normal,Mid Season
2016-05-16,42872,1019,37139,42.07,5732.52,13.37,5.63,2,5,2016,Normal,Mid Season
2016-05-17,39105,930,33890,42.05,5214.28,13.33,5.61,3,5,2016,Normal,Mid Season
2016-05-18,34407,818,29884,42.06,4522.42,13.14,5.53,4,5,2016,Normal,Mid Season
2016-05-19,39404,937,34230,42.05,5174.03,13.13,5.52,5,5,2016,Normal,Mid Season
2016-05-20,96831,2302,83926,42.06,12904.90,13.33,5.61,6,5,2016,Normal,Mid Season
2016-05-21,99380,2363,86180,42.06,13200.88,13.28,5.59,7,5,2016,Normal,Mid Season
2016-05-22,61656,1466,53464,42.06,8192.45,13.29,5.59,1,5,2016,Normal,Mid Season
2016-05-23,69164,1644,59948,42.07,9215.12,13.32,5.61,2,5,2016,Normal,Mid Season
2016-05-24,113113,3224,117415,35.08,-4301.83,-3.80,-1.33,3,5,2016,Normal,Mid Season
2016-05-25,253686,7392,268975,34.32,-15288.27,-6.03,-2.07,4,5,2016,Normal,Mid Season
2016-05-26,210305,6138,223289,34.26,-12983.79,-6.17,-2.12,5,5,2016,Normal,Mid Season
2016-05-27,364087,10624,386500,34.27,-22412.47,-6.16,-2.11,6,5,2016,Normal,Mid Season
2016-05-28,397480,11590,421674,34.30,-24193.73,-6.09,-2.09,7,5,2016,Normal,Mid Season
2016-05-29,204028,5959,216777,34.24,-12749.14,-6.25,-2.14,1,5,2016,Normal,Mid Season
2016-05-30,172798,5048,183716,34.23,-10917.87,-6.32,-2.16,2,5,2016,Normal,Mid Season
2016-05-31,258971,7542,274386,34.34,-15415.36,-5.95,-2.04,3,5,2016,Normal,Mid Season
2016-06-01,368790,10761,391924,34.27,-23134.09,-6.27,-2.15,4,6,2016,Normal,Low Season
2016-06-02,278071,8120,295548,34.25,-17476.86,-6.29,-2.15,5,6,2016,Normal,Low Season
2016-06-03,373959,10896,396324,34.32,-22364.82,-5.98,-2.05,6,6,2016,Normal,Low Season
2016-06-04,402057,11726,426466,34.29,-24408.88,-6.07,-2.08,7,6,2016,Normal,Low Season
2016-06-05,205719,6007,218408,34.25,-12688.73,-6.17,-2.11,1,6,2016,Normal,Low Season
2016-06-06,177627,5185,188630,34.26,-11002.80,-6.19,-2.12,2,6,2016,Normal,Low Season
2016-06-07,70442,1675,60911,42.05,9531.16,13.53,5.69,3,6,2016,Normal,Low Season
2016-06-08,162924,4765,173293,34.19,-10368.83,-6.36,-2.18,4,6,2016,Normal,Low Season
2016-06-09,138753,3953,143791,35.10,-5038.95,-3.63,-1.27,5,6,2016,Normal,Low Season
2016-06-10,252458,7190,261502,35.11,-9044.12,-3.58,-1.26,6,6,2016,Normal,Low Season
2016-06-11,293918,8577,311854,34.27,-17935.67,-6.10,-2.09,7,6,2016,Normal,Low Season
2016-06-12,138350,3943,143347,35.09,-4996.55,-3.61,-1.27,1,6,2016,Normal,Low Season
2016-06-13,130067,3707,134951,35.09,-4883.29,-3.75,-1.32,2,6,2016,Normal,Low Season
2016-06-14,107169,3054,111173,35.09,-4004.50,-3.74,-1.31,3,6,2016,Normal,Low Season
2016-06-15,224031,6541,237935,34.25,-13904.18,-6.21,-2.13,4,6,2016,Normal,Low Season
2016-06-16,201918,5749,209096,35.12,-7177.35,-3.55,-1.25,5,6,2016,Normal,Low Season
2016-06-17,329344,9385,341253,35.09,-11909.06,-3.62,-1.27,6,6,2016,Normal,Low Season
2016-06-18,308643,9012,327672,34.25,-19029.06,-6.17,-2.11,7,6,2016,Normal,Low Season
2016-06-19,134472,3831,139386,35.10,-4913.47,-3.65,-1.28,1,6,2016,Normal,Low Season
2016-06-20,143810,4097,148954,35.10,-5144.19,-3.58,-1.26,2,6,2016,Normal,Low Season
2016-06-21,123252,3509,127533,35.12,-4280.86,-3.47,-1.22,3,6,2016,Normal,Low Season
2016-06-22,40067,953,34559,42.04,5508.07,13.75,5.78,4,6,2016,Normal,Low Season
2016-06-23,143753,4305,155660,33.39,-11906.80,-8.28,-2.77,5,6,2016,Normal,Low Season
2016-06-24,389904,11667,422373,33.42,-32468.57,-8.33,-2.78,6,6,2016,Normal,Low Season
2016-06-25,461281,13793,498910,33.44,-37629.54,-8.16,-2.73,7,6,2016,Normal,Low Season
2016-06-26,221579,6641,240450,33.37,-18870.93,-8.52,-2.84,1,6,2016,Normal,Low Season
2016-06-27,253702,7593,274426,33.41,-20723.86,-8.17,-2.73,2,6,2016,Normal,Low Season
2016-06-28,200616,6007,217105,33.40,-16488.50,-8.22,-2.74,3,6,2016,Normal,Low Season
2016-06-29,211701,6345,229024,33.36,-17323.00,-8.18,-2.73,4,6,2016,Normal,Low Season
2016-06-30,282758,8482,305894,33.34,-23136.47,-8.18,-2.73,5,6,2016,Normal,Low Season
2016-07-01,479010,14344,517742,33.39,-38732.04,-8.09,-2.70,6,7,2016,Normal,Low Season
2016-07-02,454543,13609,490487,33.40,-35943.74,-7.91,-2.64,7,7,2016,Normal,Low Season
2016-07-03,242185,7259,261535,33.36,-19349.73,-7.99,-2.67,1,7,2016,Normal,Low Season
2016-07-04,281532,8431,304052,33.39,-22520.79,-8.00,-2.67,2,7,2016,Normal,Low Season
2016-07-05,219363,6577,237026,33.35,-17663.13,-8.05,-2.69,3,7,2016,Normal,Low Season
2016-07-06,204006,6098,219723,33.45,-15717.31,-7.70,-2.58,4,7,2016,Normal,Low Season
2016-07-07,69579,1654,59599,42.07,9980.15,14.34,6.03,5,7,2016,Normal,Low Season
2016-07-08,87185,2073,74655,42.06,12530.22,14.37,6.04,6,7,2016,Normal,Low Season
2016-07-09,78700,1871,67367,42.06,11333.05,14.40,6.06,7,7,2016,Normal,Low Season
2016-07-10,39810,946,34092,42.08,5717.99,14.36,6.04,1,7,2016,Normal,Low Season
2016-07-11,45839,1090,39231,42.05,6608.04,14.42,6.06,2,7,2016,Normal,Low Season
2016-07-12,36852,876,31574,42.07,5277.44,14.32,6.02,3,7,2016,Normal,Low Season
2016-07-13,33226,790,28489,42.06,4736.59,14.26,6.00,4,7,2016,Normal,Low Season
2016-07-14,30423,723,26054,42.08,4369.59,14.36,6.04,5,7,2016,Normal,Low Season
2016-07-15,80346,1910,68788,42.07,11557.54,14.38,6.05,6,7,2016,Normal,Low Season
2016-07-16,95297,2266,81656,42.06,13641.48,14.31,6.02,7,7,2016,Normal,Low Season
2016-07-17,45324,1078,38810,42.04,6514.25,14.37,6.04,1,7,2016,Normal,Low Season
2016-07-18,51604,1227,44223,42.06,7381.33,14.30,6.02,2,7,2016,Normal,Low Season
2016-07-19,37870,900,32437,42.08,5433.32,14.35,6.04,3,7,2016,Normal,Low Season
2016-07-20,42724,1016,36607,42.05,6116.13,14.32,6.02,4,7,2016,Normal,Low Season
2016-07-21,35170,836,30133,42.07,5036.60,14.32,6.02,5,7,2016,Normal,Low Season
2016-07-22,61148,1454,52384,42.06,8763.76,14.33,6.03,6,7,2016,Normal,Low Season
2016-07-23,77172,1835,66114,42.06,11057.87,14.33,6.03,7,7,2016,Normal,Low Season
2016-07-24,40881,972,35019,42.06,5862.24,14.34,6.03,1,7,2016,Normal,Low Season
2016-07-25,43086,1024,36887,42.08,6198.23,14.39,6.05,2,7,2016,Normal,Low Season
2016-07-26,43895,1044,37605,42.05,6290.34,14.33,6.03,3,7,2016,Normal,Low Season
2016-07-27,67781,1611,58196,42.07,9584.58,14.14,5.95,4,7,2016,Normal,Low Season
2016-07-28,51908,1234,44545,42.06,7363.31,14.19,5.97,5,7,2016,Normal,Low Season
2016-07-29,93509,2223,80347,42.06,13161.94,14.08,5.92,6,7,2016,Normal,Low Season
2016-07-30,95344,2267,81874,42.06,13469.31,14.13,5.94,7,7,2016,Normal,Low Season
2016-07-31,59515,1415,51145,42.06,8369.59,14.06,5.91,1,7,2016,Normal,Low Season
2016-08-01,65134,1548,55946,42.08,9187.91,14.11,5.94,2,8,2016,Normal,Low Season
2016-08-02,70641,1679,60630,42.07,10011.70,14.17,5.96,3,8,2016,Normal,Low Season
2016-08-03,48442,1152,41611,42.05,6831.39,14.10,5.93,4,8,2016,Normal,Low Season
2016-08-04,46291,1101,39783,42.04,6508.01,14.06,5.91,5,8,2016,Normal,Low Season
2016-08-05,73453,1746,63386,42.07,10066.65,13.70,5.77,6,8,2016,Normal,Low Season
2016-08-06,71509,1700,61501,42.06,10008.32,14.00,5.89,7,8,2016,Normal,Low Season
2016-08-07,30066,715,25872,42.05,4193.64,13.95,5.87,1,8,2016,Normal,Low Season
2016-08-08,37727,897,32490,42.06,5236.48,13.88,5.84,2,8,2016,Normal,Low Season
2016-08-09,30832,733,26577,42.06,4254.62,13.80,5.80,3,8,2016,Normal,Low Season
2016-08-10,146811,4282,155136,34.29,-8324.17,-5.67,-1.94,4,8,2016,Normal,Low Season
2016-08-11,99867,2867,103827,34.83,-3959.37,-3.96,-1.38,5,8,2016,Normal,Low Season
2016-08-12,210665,6082,220379,34.64,-9714.41,-4.61,-1.60,6,8,2016,Normal,Low Season
2016-08-13,266271,7771,281658,34.26,-15387.38,-5.78,-1.98,7,8,2016,Normal,Low Season
2016-08-14,123084,3576,129602,34.42,-6517.49,-5.30,-1.82,1,8,2016,Normal,Low Season
2016-08-15,162728,4649,168580,35.00,-5852.65,-3.60,-1.26,2,8,2016,Normal,Low Season
2016-08-16,114709,3302,119758,34.74,-5049.12,-4.40,-1.53,3,8,2016,Normal,Low Season
2016-08-17,122319,3536,128298,34.59,-5979.44,-4.89,-1.69,4,8,2016,Normal,Low Season
2016-08-18,112010,3236,117374,34.61,-5363.85,-4.79,-1.66,5,8,2016,Normal,Low Season
2016-08-19,229861,6646,241090,34.59,-11228.66,-4.88,-1.69,6,8,2016,Normal,Low Season
2016-08-20,249981,7220,262145,34.62,-12163.93,-4.87,-1.68,7,8,2016,Normal,Low Season
2016-08-21,136480,3958,143734,34.48,-7253.98,-5.32,-1.83,1,8,2016,Normal,Low Season
2016-08-22,127370,3672,133350,34.69,-5980.36,-4.70,-1.63,2,8,2016,Normal,Low Season
2016-08-23,43538,1035,37649,42.07,5888.34,13.52,5.69,3,8,2016,Normal,Low Season
2016-08-24,120407,3549,127699,33.93,-7292.00,-6.06,-2.05,4,8,2016,Normal,Low Season
2016-08-25,226376,6647,240430,34.06,-14054.14,-6.21,-2.11,5,8,2016,Normal,Low Season
2016-08-26,337900,9908,358772,34.10,-20872.07,-6.18,-2.11,6,8,2016,Normal,Low Season
2016-08-27,355070,10393,376756,34.16,-21686.02,-6.11,-2.09,7,8,2016,Normal,Low Season
2016-08-28,153894,4507,163401,34.15,-9507.64,-6.18,-2.11,1,8,2016,Normal,Low Season
2016-08-29,159626,4672,169479,34.17,-9853.37,-6.17,-2.11,2,8,2016,Normal,Low Season
2016-08-30,133962,3924,142300,34.14,-8337.95,-6.22,-2.12,3,8,2016,Normal,Low Season
2016-08-31,236305,6918,250572,34.16,-14267.30,-6.04,-2.06,4,8,2016,Normal,Low Season
2016-09-01,313492,9183,333031,34.14,-19539.14,-6.23,-2.13,5,9,2016,Normal,Mid Season
2016-09-02,370355,10830,392493,34.20,-22138.08,-5.98,-2.04,6,9,2016,Normal,Mid Season
2016-09-03,369091,10800,391843,34.18,-22751.45,-6.16,-2.11,7,9,2016,Normal,Mid Season
2016-09-04,209026,6119,222164,34.16,-13137.71,-6.29,-2.15,1,9,2016,Normal,Mid Season
2016-09-05,228177,6685,242590,34.13,-14412.27,-6.32,-2.16,2,9,2016,Normal,Mid Season
2016-09-06,154495,4519,164109,34.19,-9614.04,-6.22,-2.13,3,9,2016,Normal,Mid Season
2016-09-07,50736,1206,43830,42.07,6906.28,13.61,5.73,4,9,2016,Normal,Mid Season
2016-09-08,43292,1029,37392,42.07,5900.47,13.63,5.73,5,9,2016,Normal,Mid Season
2016-09-09,77336,1917,69612,40.34,7723.79,9.99,4.03,6,9,2016,Normal,Mid Season
2016-09-10,85070,2108,76592,40.36,8478.38,9.97,4.02,7,9,2016,Normal,Mid Season
2016-09-11,48832,1211,44014,40.32,4817.43,9.87,3.98,1,9,2016,Normal,Mid Season
2016-09-12,52075,1291,46884,40.34,5191.01,9.97,4.02,2,9,2016,Normal,Mid Season
2016-09-13,30425,755,27399,40.30,3026.14,9.95,4.01,3,9,2016,Normal,Mid Season
2016-09-14,20495,508,18375,40.34,2120.06,10.34,4.17,4,9,2016,Normal,Mid Season
2016-09-15,40742,1010,36465,40.34,4277.41,10.50,4.24,5,9,2016,Normal,Mid Season
2016-09-16,69865,1733,62545,40.31,7319.65,10.48,4.22,6,9,2016,Normal,Mid Season
2016-09-17,100121,2482,89572,40.34,10548.30,10.54,4.25,7,9,2016,Normal,Mid Season
2016-09-18,49825,1235,44594,40.34,5231.30,10.50,4.24,1,9,2016,Normal,Mid Season
2016-09-19,46566,1155,41660,40.32,4906.02,10.54,4.25,2,9,2016,Normal,Mid Season
2016-09-20,37924,940,34031,40.34,3892.62,10.26,4.14,3,9,2016,Normal,Mid Season
2016-09-21,50085,1241,44832,40.36,5252.60,10.49,4.23,4,9,2016,Normal,Mid Season
2016-09-22,41886,1039,37565,40.31,4320.35,10.31,4.16,5,9,2016,Normal,Mid Season
2016-09-23,147504,3657,131965,40.33,15539.06,10.53,4.25,6,9,2016,Normal,Mid Season
2016-09-24,151639,3758,135498,40.35,16141.02,10.64,4.30,7,9,2016,Normal,Mid Season
2016-09-25,72457,1797,64759,40.32,7698.79,10.63,4.28,1,9,2016,Normal,Mid Season
2016-09-26,67355,1671,60179,40.31,7176.04,10.65,4.29,2,9,2016,Normal,Mid Season
2016-09-27,58942,1462,52813,40.32,6129.01,10.40,4.19,3,9,2016,Normal,Mid Season
2016-09-28,58797,1581,57169,37.19,1628.22,2.77,1.03,4,9,2016,Normal,Mid Season
2016-09-29,57019,1534,55187,37.17,1832.01,3.21,1.19,5,9,2016,Normal,Mid Season
2016-09-30,155918,4216,151036,36.98,4881.94,3.13,1.16,6,9,2016,Normal,Mid Season
2016-10-01,208489,5632,201417,37.02,7072.25,3.39,1.26,7,10,2016,Normal,Mid Season
2016-10-02,118580,3173,113347,37.37,5233.52,4.41,1.65,1,10,2016,Normal,Mid Season
2016-10-03,142759,3540,126506,40.33,16252.54,11.38,4.59,2,10,2016,Normal,Mid Season
2016-10-04,96621,2397,85492,40.31,11129.15,11.52,4.64,3,10,2016,Normal,Mid Season
2016-10-05,78862,1955,69675,40.34,9186.17,11.65,4.70,4,10,2016,Normal,Mid Season
2016-10-06,70279,1740,61976,40.39,8303.17,11.81,4.77,5,10,2016,Normal,Mid Season
2016-10-07,87749,2176,77447,40.33,10302.25,11.74,4.73,6,10,2016,Normal,Mid Season
2016-10-08,92053,2283,81209,40.32,10844.08,11.78,4.75,7,10,2016,Normal,Mid Season
2016-10-09,51751,1284,45607,40.30,6144.15,11.87,4.79,1,10,2016,Normal,Mid Season
2016-10-10,50935,1263,44984,40.33,5951.21,11.68,4.71,2,10,2016,Normal,Mid Season
2016-10-11,36114,896,31885,40.31,4228.65,11.71,4.72,3,10,2016,Normal,Mid Season
2016-10-12,31023,768,27818,40.39,3205.72,10.33,4.17,4,10,2016,Normal,Mid Season
2016-10-13,22334,521,19704,42.87,2630.12,11.78,5.05,5,10,2016,Normal,Mid Season
2016-10-14,69441,1618,62071,42.92,7370.18,10.61,4.56,6,10,2016,Normal,Mid Season
2016-10-15,92159,2147,83372,42.92,8787.21,9.53,4.09,7,10,2016,Normal,Mid Season
2016-10-16,57296,1335,52701,42.92,4594.99,8.02,3.44,1,10,2016,Normal,Mid Season
2016-10-17,57185,1332,51765,42.93,5420.00,9.48,4.07,2,10,2016,Normal,Mid Season
2016-10-18,40951,954,37289,42.93,3662.48,8.94,3.84,3,10,2016,Normal,Mid Season
2016-10-19,37672,877,33678,42.96,3993.99,10.60,4.55,4,10,2016,Normal,Mid Season
2016-10-20,38648,906,35038,42.66,3610.07,9.34,3.98,5,10,2016,Normal,Mid Season
2016-10-21,96021,2249,86810,42.69,9210.27,9.59,4.10,6,10,2016,Normal,Mid Season
2016-10-22,105663,2472,95930,42.74,9732.58,9.21,3.94,7,10,2016,Normal,Mid Season
2016-10-23,54738,1280,49991,42.76,4747.96,8.67,3.71,1,10,2016,Normal,Mid Season
2016-10-24,40132,940,36348,42.69,3783.87,9.43,4.03,2,10,2016,Normal,Mid Season
2016-10-25,70403,1650,63453,42.67,6950.23,9.87,4.21,3,10,2016,Normal,Mid Season
2016-10-26,62502,1467,56101,42.61,6400.87,10.24,4.36,4,10,2016,Normal,Mid Season
2016-10-27,53675,1257,48202,42.70,5473.28,10.20,4.35,5,10,2016,Normal,Mid Season
2016-10-28,102606,2405,92658,42.66,9948.63,9.70,4.14,6,10,2016,Normal,Mid Season
2016-10-29,124988,2929,113188,42.67,11800.31,9.44,4.03,7,10,2016,Normal,Mid Season
2016-10-30,67521,1582,61234,42.68,6287.32,9.31,3.97,1,10,2016,Normal,Mid Season
2016-10-31,70021,1639,62316,42.72,7704.44,11.00,4.70,2,10,2016,Normal,Mid Season
2016-11-01,126954,2971,110699,42.73,16255.43,12.80,5.47,3,11,2016,Normal,Peak Season
2016-11-02,97558,2284,86204,42.71,11354.37,11.64,4.97,4,11,2016,Normal,Peak Season
2016-11-03,97039,2266,89413,42.82,7625.59,7.86,3.37,5,11,2016,Normal,Peak Season
2016-11-04,168349,3938,156676,42.75,11673.68,6.93,2.96,6,11,2016,Normal,Peak Season
2016-11-05,202017,4720,189395,42.80,12622.73,6.25,2.67,7,11,2016,Normal,Peak Season
2016-11-06,108459,2537,102250,42.75,6208.83,5.72,2.45,1,11,2016,Normal,Peak Season
2016-11-07,112536,2621,105978,42.94,6557.89,5.83,2.50,2,11,2016,Normal,Peak Season
2016-11-08,100480,2341,94692,42.92,5787.45,5.76,2.47,3,11,2016,Normal,Peak Season
2016-11-09,81650,1901,77082,42.95,4568.03,5.59,2.40,4,11,2016,Normal,Peak Season
2016-11-10,71529,1666,67551,42.93,3977.91,5.56,2.39,5,11,2016,Normal,Peak Season
2016-11-11,160939,3748,152555,42.94,8383.18,5.21,2.24,6,11,2016,Normal,Peak Season
2016-11-12,164999,3843,156263,42.93,8735.70,5.29,2.27,7,11,2016,Normal,Peak Season
2016-11-13,97947,2281,93113,42.94,4834.17,4.94,2.12,1,11,2016,Normal,Peak Season
2016-11-14,87834,2046,83068,42.93,4765.98,5.43,2.33,2,11,2016,Normal,Peak Season
2016-11-15,95509,2181,88104,43.79,7404.93,7.75,3.40,3,11,2016,Normal,Peak Season
2016-11-16,77230,1763,71429,43.81,5801.10,7.51,3.29,4,11,2016,Normal,Peak Season
